https://twitter.com/i/web,11192
https://trib.al/rz8pejp,397
https://www.breitbart.com,355
https://www.washingtonexa,251
https://twitter.com/thehi,234
https://www.washingtonpos,228
http://ow.ly/akta50adjx7,183
https://www.cnn.com/2020/,166
https://www.dailymail.co.,159
https://politi.co/32bgokd,133
https://bongino.com/faile,130
https://www.rawstory.com/,121
https://www.thegatewaypun,119
https://educationblogit.b,119
https://www.youtube.com/w,114
https://www.theguardian.c,100
https://davidharrisjr.com,98
https://www.politicususa.,93
https://hann.it/3hkj5js,91
https://nypost.com/2020/0,87
https://twitter.com/brith,79
https://twitter.com/reald,75
https://thehill.com/homen,72
https://www.foxbusiness.c,68
https://dailycaller.com/2,67
https://www.lgbtqnation.c,66
https://revistaoeste.com/,61
https://twitter.com/joebi,59
https://www.nytimes.com/2,53
http://a.msn.com/01/en-us,53
https://www.independent.c,51
https://www.dailykos.com/,49
https://www.conservativer,49
https://twitter.com/speak,44
https://www.wsj.com/artic,43
https://justthenews.com/p,42
https://twitter.com/steve,39
https://mazo4f.com/222220,38
https://www.axios.com/tru,38
https://www.businessinsid,38
https://www.vanityfair.co,37
https://www.palmerreport.,37
https://www.vox.com/polic,36
https://www.thedailybeast,36
https://twitter.com/jemel,35
https://www.foxnews.com/p,35
https://www.salon.com/202,32
https://www.cnbc.com/2020,32
https://www.reuters.com/a,32
https://www.dispatch.com/,32
https://www.google.com/am,31
https://twitter.com/atrup,30
https://twitter.com/joshu,29
https://twitter.com/proje,29
https://apnews.com/84c71b,28
https://twitter.com/i/sta,27
https://twitter.com/ericr,25
https://twitter.com/jacob,24
http://theharrispoll.com/,24
https://justthenews.com/a,24
https://twitter.com/indya,23
https://www.politico.com/,23
https://twitter.com/redsm,22
https://www.usatoday.com/,22
https://twitter.com/missy,22
https://bit.ly/30xy4za,21
https://bit.ly/32cl1zz,21
https://twitter.com/finda,21
http://hill.cm/grhbzvp,21
https://twitter.com/kyleg,21
https://www.motherjones.c,20
https://www.msnbc.com/rac,20
https://petitions.whiteho,19
https://youtu.be/3phqkinz,19
https://twitter.com/rober,18
https://www.yahoo.com/new,18
https://www.vox.com/2020/,18
https://gothamist.com/new,18
https://www.latimes.com/w,18
https://gop.com/you-will-,17
https://news.yahoo.com/tr,17
https://www.xxlmag.com/ka,17
https://twitter.com/reesu,17
https://trendingrightwing,16
http://ow.ly/w69e30qzpzq,16
https://twitter.com/dbong,16
https://twitter.com/trump,16
https://twitter.com/besch,16
https://twitter.com/kyled,16
https://twitter.com/i/eve,15
https://www.theepochtimes,15
https://twitter.com/kanno,15
https://www.metrotimes.co,15
http://ow.ly/hqtf30qzpzr,15
https://link.medium.com/g,15
http://hill.cm/j7snn30,15
https://hann.it/2wdyvjm,15
https://twitter.com/natas,15
https://twitter.com/teamt,14
https://secondnexus.com/d,14
https://twitter.com/alexs,14
https://saraacarter.com/c,13
https://twitter.com/arifl,13
https://wapo.st/2cvst7u,13
http://hill.cm/ufbtlxa,13
https://cnn.it/30xinn9,13
https://www.judicialwatch,13
https://www.trump-traiin.,13
https://twitter.com/royal,13
https://www.westernjourna,13
https://cnn.it/3ehhuen,13
https://youtu.be/rz6uv5cv,13
https://stoehr.substack.c,12
https://twitter.com/polit,12
https://politi.co/3fhtvjz,12
https://www.latimes.com/o,12
https://www.huffpost.com/,12
https://twitter.com/senje,12
https://twitter.com/theep,12
https://twitter.com/desti,12
https://link.theepochtime,11
https://bit.ly/3etpqdj,11
https://justthenews.com/w,11
https://twitter.com/itsjo,11
https://www.chicagotribun,11
https://rfi.my/6fm3.t,11
https://townhall.com/tips,11
https://www.techdirt.com/,11
https://teespring.com/tru,11
https://twitter.com/newtg,11
https://www.nbcnews.com/t,11
https://trib.al/7ftaths,11
http://longisland.news12.,10
https://twitter.com/selfm,10
https://twitter.com/lynnj,10
https://www.esquire.com/n,10
https://www.forbes.com/si,10
https://twitter.com/repsf,10
https://www.bizpacreview.,10
https://twitter.com/david,10
https://chicago.suntimes.,10
https://people.com/tv/kim,10
http://on.forbes.com/6016,10
https://twitter.com/kurte,10
https://twitter.com/eweri,10
https://bit.ly/3fmgqyb,10
https://www.nbcnews.com/p,10
https://www.wnd.com/2020/,10
https://www.politicalflar,9
https://twitter.com/usfws,9
https://awsveanews.com/co,9
https://twitter.com/timei,9
https://twitter.com/charl,9
https://hillreporter.com/,9
https://thepoliticalinsid,8
https://www.statnews.com/,8
https://thebulwark.com/tr,8
https://trendingpolitics.,8
https://bit.ly/3jikqzf,8
https://twitter.com/sparr,8
https://twitter.com/peter,8
https://www.mediaite.com/,8
https://thehill.com/opini,8
https://twitter.com/truth,8
https://www.foxnews.com/m,8
https://www.marketwatch.c,8
https://twitter.com/jesse,7
https://www.hollywoodrepo,7
https://criticanacional.c,7
https://talkingpointsmemo,7
https://www.newsbreakapp.,7
https://www.zerohedge.com,7
https://www.msn.com/en-us,7
https://twitter.com/there,7
https://twitter.com/setha,7
https://www.newsweek.com/,7
https://twitter.com/sarah,7
https://twitter.com/cnnpo,7
https://twitter.com/scott,7
https://www.wonkette.com/,7
https://apple.news/a-7hge,7
https://www.infowars.com/,7
https://twitter.com/johnc,7
https://madison365.com/tr,7
https://www.rollingstone.,7
https://thedcpatriot.com/,7
https://twitter.com/green,7
https://thehill.com/regul,7
http://theconservativetre,7
https://buff.ly/2e5u9qr,6
https://portalrapmais.com,6
https://www.facebook.com/,6
https://www.sun-sentinel.,6
https://www.patheos.com/b,6
https://twitter.com/funde,6
https://youtu.be/ev39k58q,6
https://theweek.com/carto,6
https://thehill.com/polic,6
https://washex.am/3fy1kiw,6
https://youtu.be/w6xdpdoh,6
https://www.washingtontim,6
https://twitter.com/pauls,6
https://bit.ly/3fdhkgn,6
https://on.mktw.net/2e2hs,6
http://hill.cm/kjizipg,6
https://twitter.com/adamc,6
https://ca.news.yahoo.com,6
https://www.theblaze.com/,6
https://twitter.com/cnnbr,6
https://twitter.com/tedcr,6
https://mobile.twitter.co,6
http://hill.cm/q1cmnu4,6
https://www.politifact.co,6
https://washingtonmonthly,6
https://www.huffingtonpos,6
https://mazo4f.com/222203,6
https://go.shr.lc/3hn46hy,6
https://news.yahoo.com/pe,6
https://fxn.ws/2cyha53,6
http://lied.no,6
https://twitter.com/rwein,6
https://bit.ly/32begct,6
https://twitter.com/joela,5
https://www.axios.com/ran,5
https://en.wikipedia.org/,5
https://twitter.com/phili,5
https://twitter.com/capac,5
https://twitter.com/cyrus,5
https://twitter.com/eliis,5
https://www.bbc.com/news/,5
https://assets.documentcl,5
https://twitter.com/annie,5
https://www.truenewshub.c,5
https://reut.rs/32bstuh,5
https://www.cnn.com/video,5
https://opennewswindow.co,5
https://www.theatlantic.c,5
https://www.foxnews.com/o,5
https://www.bloomberg.com,5
https://twitter.com/7000c,5
https://bit.ly/32afftq,5
https://twitter.com/rvat2,5
https://twitter.com/hkras,5
https://youtu.be/gctzbudp,5
https://mundo.sputniknews,5
https://abovethelaw.com/2,5
https://twitter.com/jwgop,5
https://www.newyorker.com,5
https://bit.ly/2zmliyg,5
https://twitter.com/henry,5
https://twitter.com/donwi,5
https://www.ccn.com/dow-c,5
http://ow.ly/xdtu50adnph,5
https://twitter.com/tribe,5
http://dlvr.it/rc0s8q,5
https://www.theverge.com/,5
https://www.timesofisrael,5
https://twitter.com/gsqui,5
https://twitter.com/ron_f,5
https://twitter.com/2runt,5
http://news.yahoo.com/let,5
https://youtu.be/xuh7abon,5
https://twitter.com/reddr,5
https://youtu.be/hesnuola,4
https://theconservativetr,4
https://tammybruce.com/20,4
https://twitter.com/soulo,4
https://wapo.st/2zmb1ls,4
https://bit.ly/3fivpji,4
https://twitter.com/foste,4
https://twitter.com/bucks,4
https://buff.ly/2csgdod,4
https://etsy.me/3hj2cyd,4
https://bongino.com/journ,4
http://breitbart.com/poli,4
http://ahaber.im/8w9n3m_s,4
https://twitter.com/vrjrd,4
https://twitter.com/doing,4
https://americaoutloud.co,4
https://twitter.com/kamil,4
https://judiciary.house.g,4
https://edition.cnn.com/2,4
https://twitter.com/buzzb,4
https://thebulwark.com/ne,4
https://twitter.com/white,4
http://www.searchingforre,4
https://fxn.ws/2of5z6c,4
https://twitter.com/eleve,4
https://twitter.com/linds,4
https://j.mp/39exuuo,4
https://twitter.com/kultu,4
https://twitter.com/rbrei,4
https://twitter.com/axios,4
https://deadline.com/2020,4
https://youtu.be/wjjbty9h,4
https://trib.al/iinbxct,4
http://midtownrepublican.,4
http://1kliklarg.com/lajm,4
http://dlvr.it/rbrzp6,4
https://www.redbubble.com,4
http://dlvr.it/rc1r19,4
https://bongino.com/why-t,4
https://youtu.be/wdqkqvwl,4
https://twitter.com/middl,4
https://time.com/4546942/,4
https://wapo.st/3fk3s3o,4
https://www.jsonline.com/,4
https://bit.ly/2cjlzbr,4
https://www.tvanouvelles.,4
https://thedailyreformer.,4
https://trib.al/z86gzvd,4
https://buff.ly/2oemo3v,4
https://www.nbcchicago.co,4
https://www.nbcnews.com/n,4
https://twitter.com/beatt,4
https://aje.io/bt7tz,4
https://twitter.com/thede,4
https://www.caseyrobertsa,4
http://dlvr.it/rc1rxz,4
https://twitter.com/gop/s,4
https://www.buzzfeednews.,4
https://twitter.com/timha,4
https://www.indy100.com/a,4
https://cnsnews.com/blog/,4
https://twitter.com/i/bro,4
https://twitter.com/breit,4
https://www.aljazeera.com,4
https://video.foxnews.com,4
https://www.foxnews.com/e,4
https://abcnews.go.com/po,4
https://twitter.com/jackp,4
https://www.vladtv.com/ar,4
https://crooksandliars.co,4
https://apnews.com/aa07c0,3
https://twitter.com/ktvn/,3
https://mazo4f.com/222125,3
http://ow.ly/3j9y30qzpz6,3
https://twitter.com/bw/st,3
https://assarofficial.com,3
https://twitter.com/ameri,3
https://www.yahoo.com/ent,3
https://cnn.it/3fl0xym,3
https://twitter.com/jstei,3
https:/,3
https://twitter.com/casle,3
https://elpais.com/intern,3
https://thefederalist.com,3
https://projects.fivethir,3
https://,3
https://www.sueddeutsche.,3
https://www.t13.cl/notici,3
https://thehardtimes.net/,3
https://randomtrump.com/?,3
https://twitter.com/bush3,3
https://pjmedia.com/elect,3
https://www.the-sun.com/n,3
https://www.spiegel.de/po,3
https://freebeacon.com/po,3
https://youtu.be/rkuvcao3,3
https://twitter.com/nobod,3
https://www.databaseitali,3
https://politi.co/30q3bg2,3
https://twitter.com/james,3
https://youtu.be/g464ih4e,3
https://www.diariocordoba,3
https://twitter.com/abc/s,3
http://cos.lv/xu6x30qzovo,3
https://www.salon.com/201,3
https://youtu.be/mhalpesq,3
https://youtu.be/rp_ew98d,3
https://www.valeursactuel,3
https://twitter.com/deadp,3
https://twitter.com/jstat,3
https://twitter.com/meida,3
https://twitter.com/mitch,3
https://www.yahoo.com/lif,3
https://247newsaroundthew,3
https://twitter.com/marsh,3
https://www.frontpagemag.,3
https://twitter.com/danie,3
https://twitter.com/natio,3
https://twitter.com/cnn/s,3
https://www.msnbc.com/mor,3
http://ow.ly/xloq30qzq7u,3
https://rightwingnewshour,3
https://twitter.com/loudo,3
https://www.cufi.org/iran,3
https://nationalpost.com/,3
https://twitter.com/coron,3
https://youtu.be/wbigxmxq,3
https://twitter.com/will_,3
https://gellerreport.com/,3
https://twitter.com/andre,3
http://ht.ly/e6ui30qzyju,3
https://www.npr.org/2020/,3
https://twitter.com/newyo,3
https://twitter.com/billk,3
https://twitter.com/ricar,3
https://www.alternet.org/,3
https://flip.it/u82iq0,3
https://americandigest.co,3
https://www.mirror.co.uk/,3
https://buff.ly/3hgfuvk,3
https://sz.de/1.4972680,3
https://twitter.com/paulc,3
https://apnews.com/b0e559,3
http://dlvr.it/rc1sxb,3
https://c.bienpublic.com/,3
https://buff.ly/3ixkgeh,3
https://twitter.com/qrese,3
https://www.tmz.com/2020/,3
https://twitter.com/spike,3
https://twitter.com/karol,3
https://www.rtl.be/info/m,3
https://www.live5news.com,3
https://twitter.com/willc,3
https://thepalmierireport,3
https://twitter.com/mcclu,3
https://news.0censor.com/,3
https://m.dailykos.com/st,3
https://twitter.com/erict,3
https://apple.news/afxe6t,3
https://www.estrepublicai,3
https://whatsnew2day.com/,3
https://blog.iammarketing,3
https://twitter.com/julie,3
https://www.usnews.com/ne,3
https://bit.ly/2csqbg9,3
http://military.com,3
https://news.bloomberglaw,3
http://ow.ly/chlk30qzpzg,3
https://www.humortimes.co,3
https://www.foxnews.com/u,3
https://appropriations.ho,3
https://twitter.com/emera,3
https://www.lifenews.com/,3
https://youtu.be/jrm7zqk8,3
https://thetop10news.com/,3
https://twitter.com/rudyg,3
https://www.thenation.com,3
https://youtu.be/pxr341v7,3
https://twitter.com/chica,3
https://twitter.com/chuck,3
https://www.mercurynews.c,3
http://smartdissent.com/a,3
https://youtu.be/qwyr9wie,3
https://go.shr.lc/2czxjxs,2
https://mile.io/3fncmxe,2
https://pickupblocks.com/,2
https://twitter.com/merid,2
https://twitter.com/laf3m,2
https://www.texastribune.,2
https://twitter.com/thoma,2
https://cnn.it/2wfanza,2
https://www.panorama.com.,2
https://100percentfedup.c,2
https://twitter.com/chale,2
https://twitter.com/jjmac,2
https://twitter.com/fdrls,2
https://youtu.be/__hedksz,2
https://twitter.com/steal,2
https://www.express.co.uk,2
https://twitter.com/loung,2
http://americans4hindus.o,2
https://fxn.ws/3jmpalr,2
https://twitter.com/josht,2
https://twitter.com/ashar,2
https://twitter.com/thema,2
https://twitter.com/golds,2
http://dlvr.it/rc1krr,2
https://twitter.com/cpere,2
https://trib.al/y16usmr,2
https://theweek.com/artic,2
https://www.usmagazine.co,2
https://twitter.com/wyn17,2
https://twitter.com/donal,2
https://twitter.com/_step,2
https://twitter.com/acost,2
https://reut.rs/2cuexws,2
https://twitter.com/soled,2
https://twitter.com/love4,2
https://www.militarytimes,2
https://twitter.com/peopl,2
https://on.rt.com/am6x,2
https://ift.tt/32j2lrj,2
https://twitter.com/roncc,2
http://ow.ly/5aes30qzbeh,2
https://elcomercio.pe/mun,2
https://youtu.be/nvxj5gwa,2
https://twitter.com/rl_ph,2
https://www.newscorpse.co,2
https://twitter.com/immor,2
https://twitter.com/tify3,2
https://in.reuters.com/ar,2
https://twitter.com/donna,2
https://youtu.be/euew5sc4,2
https://twitter.com/sendu,2
https://headlineshunt.xyz,2
https://twitter.com/em_ka,2
http://www.extradelalagun,2
https://www.thefader.com/,2
https://twitter.com/washi,2
https://sports.yahoo.com/,2
http://bit.ly/thecasefort,2
https://bit.ly/3ekzr7h,2
https://twitter.com/emmav,2
https://theusatribune.com,2
https://youtu.be/neoygq6m,2
https://twitter.com/kimsu,2
https://www.europapress.e,2
https://twitter.com/gryki,2
https://twitter.com/dcexa,2
https://opiniontoday.com/,2
https://twitter.com/judya,2
https://bearingarms.com,2
https://publicintegrity.o,2
https://bit.ly/30kxuci,2
https://www.thenewamerica,2
http://www.haute-lifestyl,2
https://jacobinmag.com/20,2
https://www.cbc.ca/news/w,2
https://twitter.com/grove,2
https://twitter.com/m2mad,2
https://twitter.com/svdat,2
https://twitter.com/foxne,2
https://twitter.com/fault,2
https://m.faz.net/aktuell,2
https://youtu.be/z6ssiudk,2
https://twitter.com/ddale,2
http://weuponithiphop.inf,2
https://a.msn.com/r/2/bb1,2
https://nusfeed.com/2020/,2
https://twitter.com/rapma,2
https://twitter.com/latim,2
https://twitter.com/napop,2
https://twitter.com/paula,2
https://patriotpost.us/me,2
http://dlvr.it/rc1sld,2
https://twitter.com/indep,2
http://pregled.com.hr/202,2
https://sizzle.substack.c,2
https://iranianamericansf,2
https://entmediahub.com.n,2
https://twitter.com/chipf,2
https://medium.com/philad,2
https://fark.com/go/10889,2
https://twitter.com/sokra,2
https://www.tmz.com/2012/,2
https://twitter.com/hotli,2
https://www.americanprogr,2
https://twitter.com/dimit,2
https://www.latimes.com/p,2
https://twitter.com/realb,2
https://babylonbee.com/ne,2
https://cutt.ly/haal79f,2
https://twitter.com/cathp,2
https://www.lamag.com/cit,2
https://youtu.be/db3m4wk-,2
https://brandnewtube.com/,2
https://redef.it/30seb6o,2
https://www.pscp.tv/w/1od,2
https://www.pscp.tv/w/ces,2
http://feedproxy.google.c,2
http://do.it,2
https://www.americanthink,2
https://twitter.com/georg,2
https://townhall.com/poli,2
https://bit.ly/30rkdin,2
https://www.newsbreak.com,2
https://washex.am/2zovgkb,2
https://www.rushlimbaugh.,2
https://www.joshwho.net/t,2
https://www.vox.com/ident,2
https://www.commondreams.,2
https://apple.news/aszk7s,2
https://twitter.com/nowth,2
http://s.so,2
https://russia.timesofnew,2
https://m.europapress.es/,2
http://dozz.es/ogm9r2,2
https://twitter.com/duty2,2
https://reut.rs/2ctujrs,2
https://wapo.st/32bbmsu,2
https://smartnews.link/w/,2
https://theweek.com/speed,2
https://twitter.com/realt,2
https://www.lechuguinos.c,2
https://people.com/politi,2
https://newyork.citybizli,2
https://twitter.com/amy_s,2
https://twitter.com/noell,2
https://twitter.com/jrehl,2
https://www.presstv.com/d,2
https://go.shr.lc/2odmnlo,2
https://youtu.be/g8cbiwmv,2
http://dlvr.it/rc1myp,2
https://youtu.be/fdxtwmmw,2
https://twitter.com/refus,2
https://twitter.com/2witt,2
https://bayareane.ws/39be,2
https://washex.am/30wzyvs,2
https://www.inquirer.com/,2
https://www.cbsnews.com/n,2
https://ift.tt/30tyzzh,2
http://ow.ly/xzqm30qzbw7,2
https://americanindepende,2
https://twitter.com/deb4c,2
https://www.msn.com/en-gb,2
https://pressrun.media/p/,2
https://at.law.com/6bqck5,2
http://www.kanyepledge.or,2
https://aje.io/gcxv3,2
https://cnn.it/2wchhkg,2
http://dlvr.it/rc1s5d,2
https://search.app.goo.gl,2
https://www.numbersusa.co,2
https://youtu.be/uinkxts7,2
https://rvat.org/operatio,2
https://twitter.com/phil_,2
https://www.texasobserver,2
http://nusfeed.com/2020/0,2
https://www.newsmax.com/p,2
https://twitter.com/dfrie,2
http://coronavirus.now,2
https://soundcloud.com/je,2
https://www.instagram.com,2
https://twitter.com/phill,2
http://bbc.in/30aphgy,2
https://twitter.com/doqho,2
https://twitter.com/ronmi,2
https://twitter.com/ccoke,2
https://twitter.com/jackn,2
https://variety.com/2020/,2
https://twitter.com/drdin,2
https://twitter.com/coswe,2
https://youtu.be/4vuv6uks,2
https://www.democracynow.,2
http://bbc.in/30s5box,2
https://twitter.com/travi,2
http://mrie.cl/ek6fm1s,2
https://oddcrimes.com/sta,2
https://twitter.com/opens,2
https://americanjournalda,2
https://twitter.com/rfi/s,2
https://twitter.com/thefi,2
https://m.youtube.com/wat,2
https://twitter.com/youra,2
https://youtu.be/yhimia_f,2
https://youtu.be/kpig-all,2
https://twitter.com/tonem,2
https://www.insidesources,2
https://twitter.com/lopez,2
https://twitter.com/miche,2
https://youtu.be/cszhc0vb,2
https://democraticgoverno,2
https://ussanews.com/news,2
https://twitter.com/lindy,2
https://youtu.be/hii1-fx9,2
https://twitter.com/yamic,2
https://youtu.be/z7r8retl,2
https://twitter.com/freey,2
https://twitter.com/ilhan,2
http://djt.app/s/iggu0v1,2
https://twitter.com/ynb/s,2
https://youtu.be/nuvua_zp,2
https://www.whitehouse.go,2
http://enewspaper.latimes,2
https://youtu.be/90ubxafk,2
http://dlvr.it/rc15gc,2
https://news.google.com/a,2
https://exbulletin.com/po,2
https://www.journaldemont,2
https://secure.actblue.co,2
http://thememoryhole2.org,2
https://twitter.com/mrset,2
https://twitter.com/likkl,2
https://twitter.com/ap/st,2
https://medium.com/@joebi,2
http://bit.ly/32jhy1x,2
https://www.nydailynews.c,2
http://dlvr.it/rc1ntg,1
https://twitter.com/thein,1
http://whitehouse.gov,1
https://www.detroitnews.c,1
https://vm.tiktok.com/jff,1
https://conservativefirin,1
http://findsomethingnew.o,1
https://skinnygist.com/pr,1
https://www.linfo.re/mond,1
http://dlvr.it/rc1p3t,1
http://youtube.com/watch?,1
https://youtu.be/-_oozhgo,1
https://twitter.com/speec,1
http://dlvr.it/rc1p49,1
https://youtu.be/oqu23z4g,1
http://news.yahoo.com/tru,1
https://youtu.be/snsxoxay,1
https://bit.ly/3joivme,1
http://a.msn.com/00/en-us,1
https://veersell.com/trum,1
https://twitter.com/cocoa,1
http://hill.cm/hriiulp,1
https://twitter.com/ronny,1
https://twitter.com/govla,1
https://youtu.be/0yafbxwu,1
https://twitter.com/dc_dr,1
http://tinyurl.com/y2l3fu,1
https://mynews24x7.in/tru,1
https://www.avivamiento-r,1
https://www.ksnblocal4.co,1
https://flip.it/0h9776,1
https://news.yahoo.com/po,1
https://contentiousotter.,1
https://youtu.be/fqf-7mmg,1
http://dlvr.it/rc1py7,1
https://www.rfi.fr/fr/tic,1
https://youtu.be/yrulgf5q,1
https://twitter.com/carol,1
http://himself.in,1
https://refor.ma/8adahbvi,1
https://twitter.com/calli,1
https://youtu.be/w6f18_ux,1
https://www.fox17online.c,1
http://rootforamerica.com,1
https://bit.ly/2e27hx4,1
https://twitter.com/zelle,1
https://theschpiel.com/po,1
https:,1
http://dlvr.it/rc1s6c,1
https://www.documentonews,1
https://www.cnn.com/2019/,1
https://londondaily.com/b,1
https://alethonews.com/20,1
https://washex.am/2zjaiky,1
http://cubasi.cu/es/notic,1
https://medium.com/mosaic,1
https://twitter.com/62wal,1
https://youtu.be/z6w6dgoj,1
https://youtu.be/ivquvuey,1
http://silive.com,1
https://twitter.com/randy,1
https://archive.is/xbpmx,1
https://twitter.com/da_la,1
https://twitter.com/nbcne,1
https://www.nybooks.com/d,1
https://twitter.com/minds,1
https://www.salon.com/tes,1
https://ift.tt/2bkzkxy,1
http://dlvr.it/rc1nzs,1
http://yvesdaoudal.hautet,1
https://dakotafreepress.c,1
https://go.shr.lc/30pdjky,1
https://wapo.st/39bevkc,1
https://twitter.com/sergi,1
http://venezuelasolidarit,1
http://dlvr.it/rc1tg0,1
https://www.faz.net/aktue,1
https://twitter.com/uflo5,1
https://www.trump2020mask,1
http://dlvr.it/rc1rqc,1
http://justthenews.com,1
http://ow.ly/en2r30qy9vm,1
http://ow.ly/kedh30qzbqj,1
https://presidentialgolft,1
http://www.ourgreatawaken,1
https://youtu.be/vhbh5hwq,1
https://laserinformativo.,1
https://flip.it/gareki,1
https://twitter.com/jeffd,1
https://twitter.com/damon,1
http://theweek.com/10thin,1
https://trib.al/tythxpm,1
https://www.ktuu.com/2020,1
https://bit.ly/2cnl1np,1
https://soundcloud.com/js,1
https://metro.co.uk/2020/,1
https://twitter.com/fredd,1
http://trump.is,1
https://www.estudosnacion,1
https://twitter.com/wajah,1
https://www.peoplesworld.,1
https://youtu.be/woyfaspu,1
http://dlvr.it/rc1rqd,1
https://twitter.com/hctru,1
https://bit.ly/3eccckq,1
https://www.insider.com/r,1
https://www.birminghammai,1
https://trends.gab.com/tr,1
https://twitter.com/pnwyl,1
https://listindiario.com/,1
https://abcn.ws/30ktwag,1
https://www.fec.gov/data/,1
https://go.shr.lc/2wuuobz,1
https://twitter.com/teapa,1
https://flip.it/rnqp9h,1
http://wants.to,1
https://www.t-online.de/n,1
https://www.webmd.com/lun,1
https://twitter.com/scatt,1
https://gjarr.it/2zgepxv,1
https://flip.it/.cxfh5,1
https://wearethene.ws/not,1
https://twitter.com/colin,1
https://twitter.com/mandy,1
https://twitter.com/anaty,1
https://bit.ly/3hjligx,1
https://youtu.be/9jo_qcpf,1
https://link.medium.com/t,1
https://lnkd.in/dvkzwxs,1
https://twitter.com/rjceo,1
https://youtu.be/2z2w_9nu,1
https://open.spotify.com/,1
https://twitter.com/karlo,1
http://dlvr.it/rc1qvb,1
https://go.shr.lc/3jhtcam,1
https://twitter.com/jthve,1
https://youtu.be/puzom--v,1
https://youtu.be/74gx0v5z,1
https://ajc.com/news/trum,1
https://hedgeaccordingly.,1
https://twitter.com/thego,1
https://twitter.com/cmari,1
https://www.fiverr.com/sh,1
https://www.tmz.com/video,1
https://twitter.com/madda,1
https://gentnews.com/kany,1
https://youtu.be/ekyomcls,1
https://golftw.info/?p=18,1
https://portside.org/vide,1
https://twitter.com/rebbr,1
https://twitter.com/aya93,1
https://www.bankingnews.g,1
https://www.cleveland.com,1
http://tinyurl.com/y25a2e,1
https://youtu.be/wxkxlkto,1
https://paper.li/hubnews1,1
http://ow.ly/jhum50adnzb,1
https://www.wfla.com/comm,1
https://freethoughtblogs.,1
http://mother.now,1
https://anotherbillionair,1
https://twitter.com/sally,1
https://is.gd/79ziok,1
https://twitter.com/alaph,1
https://youtu.be/phsu1vvh,1
https://twitter.com/kanga,1
http://a.msn.com/02/en-us,1
http://sz.de,1
https://abcn.ws/2bdrfyx,1
https://jezebel.com/nyc-a,1
http://dlvr.it/rc1s0m,1
https://www.google.co.uk/,1
http://www.natharatmouchr,1
https://twitter.com/obser,1
https://twitter.com/brend,1
https://www.intelligence.,1
https://ift.tt/32ybpiy,1
http://dlvr.it/rc1pkr,1
https://eand.co/how-the-a,1
http://dlvr.it/rc1qlp,1
https://twitter.com/mintp,1
https://twitter.com/zephm,1
https://legalinsurrection,1
https://fxn.ws/3hkmuyk,1
https://www.bing.com/vide,1
https://twitter.com/theap,1
https://twitter.com/jacks,1
https://wapo.st/2ogeayz,1
https://bit.ly/3fnmsms,1
https://twitter.com/rgood,1
https://flip.it/pifw_m,1
https://twitter.com/ahmad,1
https://cloverchronicle.c,1
https://twitter.com/laura,1
https://twitter.com/maryg,1
https://twitter.com/sente,1
https://twitter.com/popsa,1
https://twitter.com/eugen,1
https://www.welt.de/debat,1
https://distincttoday.net,1
https://ico.al/2dzg3qj,1
https://www.freedomnewsre,1
https://twitter.com/daily,1
https://agonzalezlaw.com/,1
https://www.worldnewj.com,1
https://en.m.wikipedia.or,1
https://ensonhaber.me/h3g,1
http://ovalofficeradio.co,1
https://www.telegraaf.nl/,1
http://whiner.no,1
https://etcanada.com/news,1
https://twitter.com/marke,1
http://t13.cl/350048,1
http://hill.cm/uo0p0ei,1
https://www.al.com/news/2,1
https://www.nbc15.com/202,1
https://mol.im/a/7735543,1
https://twitter.com/wrong,1
https://www.ad.nl/show/wi,1
https://ti.me/2ojs6um,1
https://youtu.be/p8laeyue,1
https://www.baltimoresun.,1
https://abc7chicago.com/p,1
https://www.myheadlinez.c,1
https://news.yahoo.com/al,1
https://reportacero.com/t,1
https://bit.ly/2csmcbg,1
https://flip.it/.aboey,1
https://trofire.com/2020/,1
https://twitter.com/luetz,1
http://huffp.st/dgwi1vy,1
https://twitter.com/kahnu,1
http://ihe.art/c72pjj4,1
https://ig.ft.com/us-elec,1
http://rss.cnn.com/~r/rss,1
https://twitter.com/genoe,1
https://youtu.be/ocwxzvzd,1
https://ilovemyfreedoms.c,1
http://chng.it/4jps6wwx,1
https://youtu.be/nof1lyqu,1
http://www.faz.net/aktuel,1
https://twitter.com/dharm,1
https://dailygumbo.com/20,1
https://twitter.com/jessi,1
https://buff.ly/30jor5f,1
https://twitter.com/halsp,1
http://dlvr.it/rc1sx3,1
https://lnkd.in/g6dd6rc,1
https://twitter.com/fox17,1
https://www.irishmirror.i,1
https://apnews.com/95ed01,1
https://trib.al/ekyjhti,1
https://youtu.be/wwbf3c9j,1
http://zinfo.info,1
https://flip.it/cnkqsc,1
https://twitter.com/herma,1
https://tevhidgundemi.com,1
https://twitter.com/mybig,1
https://blavity.com/blavi,1
https://www.iowa.media/20,1
https://twitter.com/izzyg,1
https://www.klatsch-trats,1
https://twitter.com/sky_l,1
https://apnews.com/6473b2,1
http://dlvr.it/rc1rzw,1
https://ift.tt/2ojlcfg,1
https://dancehits.co.uk/t,1
https://www.objectivist.c,1
https://factcheck.thedisp,1
https://twitter.com/sincl,1
https://www.redstate.com/,1
http://inthesetimes.com/w,1
https://news.yahoo.com/ch,1
https://newsnationglobal.,1
https://twitter.com/shine,1
https://cloud.patamu.com/,1
https://latinus.us/2020/0,1
https://ift.tt/39f4vzw,1
https://thepostmillennial,1
https://twitter.com/enson,1
https://www.contrapesociu,1
https://reut.rs/3hecto4,1
https://link.conexaopolit,1
http://hill.cm/pudgqqh,1
https://twitter.com/bnone,1
https://trib.al/zmjhuc9,1
https://bitcoinethereumne,1
https://m.facebook.com/sh,1
https://www.rokfin.com/po,1
https://lnkd.in/gph69wr,1
https://twitter.com/rafae,1
https://youtu.be/lby3ecvs,1
https://youtu.be/w2cxdu7j,1
https://twitter.com/anonc,1
https://www.kansascity.co,1
https://twitter.com/renee,1
https://flip.it/h7wjd8,1
http://dlvr.it/rc1sqz,1
https://www.nationalrevie,1
https://youtu.be/ncgbbset,1
https://twitter.com/snide,1
https://twitter.com/jorna,1
https://youtu.be/eum7gjac,1
https://twitter.com/bnode,1
http://dld.bz/jfutx,1
https://actionnetwork.org,1
https://twitter.com/tchyn,1
https://aol.it/30ohlmu,1
https://buff.ly/38r3mom,1
http://tee.pub/lic/ht6vnl,1
https://paper.li/e-158948,1
https://thebananarepublic,1
https://trib.al/zdstbdl,1
https://ift.tt/2zinzde,1
https://twitter.com/mikec,1
http://chng.it/qprccrnn,1
http://ihe.art/lrhlzlq,1
https://dcalert.com/2020/,1
http://dlvr.it/rc1tym,1
https://www.cbs8.com/vide,1
https://aapsonline.org/a-,1
https://newsdaily24by7.co,1
https://www.jpost.com/ame,1
https://www.wgtatv.com/th,1
https://twitter.com/qstor,1
https://twitter.com/amyew,1
https://twitter.com/linki,1
https://twitter.com/resta,1
https://scooprocket.com/c,1
https://fxn.ws/hourly,1
https://twitter.com/kelly,1
https://bit.ly/2wdzpdv,1
https://www.hrc.org/2016r,1
http://www.breitbart.com.,1
https://flip.it/d1qred,1
https://trib.al/g7ot6za,1
https://amzn.to/2cwwrt2,1
https://go.shr.lc/2of590h,1
http://richinwriters.com/,1
https://twitter.com/jsolo,1
http://trump2020maga.com,1
https://thepointsguy.com/,1
https://twitter.com/benjo,1
https://1buv.com/tlaib-re,1
http://dlvr.it/rc1rx8,1
https://mashable.com/arti,1
https://twitter.com/watch,1
https://twitter.com/kwhy5,1
http://dlvr.it/rc1qw3,1
https://twitter.com/melis,1
https://twitter.com/weiji,1
https://twitter.com/kdka/,1
https://bit.ly/32bmrdf,1
https://twitter.com/ryanj,1
https://youtu.be/vajf-e3e,1
http://zpr.io/hfbbq,1
https://twitter.com/kingf,1
https://youtu.be/xzbwk9iv,1
https://twitter.com/banks,1
https://rpp.pe/p/1281364,1
http://digitalpuntacana.c,1
http://www.paradigmbroadc,1
https://trib.al/q85mptp,1
https://curiouscat.qa/bir,1
https://flashnews24.in/20,1
https://twitter.com/pixel,1
https://www.devdiscourse.,1
https://trib.al/nptb9u6,1
https://twitter.com/vivel,1
https://blackeyepolitics.,1
http://ow.ly/evkh30qzywb,1
https://bit.ly/2dxvef7,1
https://twitter.com/magad,1
https://youtu.be/qjoav3ni,1
https://currently.att.yah,1
https://edm.com/music-rel,1
https://on.msnbc.com/2ojc,1
https://twitter.com/themo,1
https://youtu.be/40r71g6y,1
https://www.dfl3cd.org/tr,1
https://www.snopes.com/fa,1
http://zla.biz/trump-cons,1
https://aicpendblog.com/2,1
https://j.gifs.com/k8n04x,1
https://twitter.com/manuz,1
http://garyvarvel.com,1
https://bit.ly/2dzqb7d,1
http://dlvr.it/rc1tgt,1
https://flip.it/azysv8,1
https://nypost.com/lole-w,1
https://twitter.com/linda,1
https://twitter.com/willy,1
https://twitter.com/pauli,1
https://www.edf.org/trump,1
https://twitter.com/ankur,1
http://cnn.it/32bzivz,1
https://www.vox.com/21322,1
https://www.mlive.com/pub,1
https://www.arch2o.com/do,1
https://twitter.com/reaid,1
https://hannity.com/media,1
https://www.smh.com.au/wo,1
https://www.theroot.com/t,1
https://www.wweek.com/new,1
https://twitter.com/hctr/,1
https://news.yahoo.com/dr,1
https://www.thealexanews.,1
https://twitter.com/demwr,1
https://paper.li/thewaaph,1
http://chng.it/rv4895bt,1
https://twitter.com/wisdo,1
https://briefly.co/anchor,1
https://apple.news/aozc3j,1
https://twitter.com/torto,1
https://twitter.com/andyo,1
https://www.statista.com/,1
http://hill.cm/m8gjmag,1
https://buzzactu.net/inde,1
https://www.lewrockwell.c,1
https://trib.al/kxv9irc,1
https://cnn.it/3jnidqx,1
https://blogs.oglobo.glob,1
http://dlvr.it/rc1jqn,1
https://twitter.com/maria,1
https://twitter.com/thecl,1
https://twitter.com/stars,1
https://www.pscp.tv/w/1my,1
http://rssfeeds.usatoday.,1
https://twitter.com/guard,1
http://dlvr.it/rc1tg7,1
https://www.liveaction.or,1
https://twitter.com/pamel,1
http://dlvr.it/rc1qxv,1
http://dlvr.it/rc1rk3,1
https://youtu.be/bmvxx_yb,1
https://urldefense.com/v3,1
https://eenvandaag.avrotr,1
https://youtu.be/esurjxcc,1
https://politi.co/2ffbbuo,1
https://www.bing.com/imag,1
http://dlvr.it/rc1crv,1
http://dlvr.it/rc1plz,1
https://flip.it/uft9to,1
https://twitter.com/rt_co,1
https://newslinks.net/sen,1
https://twitter.com/mswie,1
https://on.msnbc.com/39o9,1
https://boingboing.net/20,1
https://www.digitaltariq.,1
https://twitter.com/inten,1
https://flip.it/ruq1c9,1
https://krdo.com/politics,1
https://www.lalibre.be/in,1
http://links.theusawire.c,1
https://twitter.com/ogkbe,1
http://dlvr.it/rc1rxv,1
https://trib.al/flucn3s,1
https://www.newsoath.com/,1
https://twitter.com/reute,1
https://twitter.com/soili,1
https://twitter.com/fusio,1
https://m.facebook.com/st,1
https://twitter.com/msava,1
https://www.lafm.com.co/i,1
http://dlvr.it/rc1ppw,1
https://twitter.com/geris,1
https://twitter.com/bbloc,1
https://www.elobservador.,1
https://e-news.us/trump-m,1
https://twitter.com/jedsh,1
http://dinowap.in/trump-s,1
https://twitter.com/brici,1
https://youtu.be/j5o6qbvl,1
https://mol.im/a/8540405,1
https://twitter.com/fiver,1
https://go.shr.lc/3efa8uw,1
http://fool.you,1
https://www.reddit.com/r/,1
https://africanewspay.com,1
https://www.adelaidenow.c,1
https://youtu.be/gwagivnz,1
https://shar.es/abqxgc,1
https://youtu.be/a38vd-go,1
https://youtu.be/oxhztzry,1
https://twitter.com/o2bno,1
https://newsthud.com/brea,1
https://www.axios.com/mar,1
https://twitter.com/pedal,1
https://twitter.com/nevad,1
https://youtu.be/po-pz28-,1
https://youtu.be/pwqch3n0,1
https://twitter.com/rexch,1
http://dlvr.it/rc1p3p,1
https://twitter.com/badlu,1
https://twitter.com/recla,1
https://reut.rs/30uc8i1,1
https://www.newshub.co.nz,1
https://twitter.com/liles,1
https://twitter.com/cnnne,1
https://flip.it/cb67ll,1
https://youtu.be/gq5a4liy,1
https://bit.ly/3fmjhrh,1
https://j.mp/3jqycus,1
https://thegreggjarrett.c,1
https://youtu.be/vicb6ihw,1
https://www.wtap.com/vide,1
https://www.teletrader.co,1
https://www.latimes.com/e,1
https://twitter.com/hatet,1
https://youtu.be/zcxdqiwv,1
http://dlvr.it/rc1qr2,1
https://twitter.com/jmben,1
https://grabien.com/story,1
https://youtu.be/ekkn6ycb,1
https://ift.tt/30oeaqa,1
https://youtu.be/7b9kc0el,1
https://gullahgeecheenati,1
https://flip.it/o4ftqn,1
https://rpujolviven.blogs,1
https://twitter.com/inthe,1
https://goo.gl/zxda14,1
https://twitter.com/errol,1
https://www.focus.de/poli,1
https://www.kentucky.com/,1
https://twitter.com/davev,1
https://sirota.substack.c,1
https://twitter.com/myste,1
http://dem.gov,1
https://www.sudinfo.be/id,1
https://democraticundergr,1
https://apple.news/ardzsv,1
https://youtu.be/ulexirhk,1
https://twitter.com/dontd,1
http://ow.ly/so6150adcco,1
http://www.tnca.org/2020/,1
http://people.com,1
http://dlvr.it/rc1q86,1
https://thedailycoin.org/,1
https://buff.ly/2oshgsy,1
https://trib.al/sltiyk0,1
https://www.vogue.com/art,1
https://www.theartnewspap,1
https://trib.al/uevcjx5,1
https://twitter.com/theso,1
https://twitter.com/wacko,1
https://twitter.com/reals,1
http://jo20.com,1
https://foreignpolicy.com,1
https://www.amazon.com/ev,1
https://9jahot1.com/kanye,1
https://twitter.com/marca,1
http://www.nickadamsusa.c,1
https://twitter.com/rifle,1
https://www.roundnews24.c,1
https://www.smh.com.au/cu,1
https://thejeffreylord.co,1
https://theislandnow.com/,1
https://twitter.com/panto,1
https://twitter.com/danbe,1
https://twitter.com/gumbo,1
https://secure.winred.com,1
http://lying.now,1
https://apple.news/anfe2g,1
https://paper.li/huxablec,1
https://youtu.be/ve8ke4sx,1
https://asia.nikkei.com/e,1
https://www.upi.com/top_n,1
https://washex.am/30afzdl,1
https://www.outkick.com/j,1
http://canada.com,1
https://trib.al/voykvi8,1
https://youtu.be/udop-sgi,1
https://twitter.com/realk,1
https://www.i24news.tv/fr,1
http://springer.news.blog,1
http://ow.ly/3qys30qzwd6,1
https://www.deseret.com/u,1
https://medium.com/discou,1
https://trib.al/kegfjto,1
https://twitter.com/skyri,1
https://mol.im/a/8541777,1
https://twitter.com/g1/st,1
https://twitter.com/mattg,1
https://bearingarms.com/t,1
https://twitter.com/robre,1
https://twitter.com/grand,1
https://youtu.be/1phfqrka,1
https://twitter.com/eastl,1
https://twitter.com/tails,1
https://bit.ly/2cxghtt,1
http://twib.in/l/zz4d4bag,1
https://twitter.com/tedra,1
https://www.dailypress.co,1
https://paper.li/filam916,1
https://jimheath.tv/2020/,1
https://twitter.com/benfr,1
https://twitter.com/ajwin,1
https://hodunews.com/2020,1
https://music.apple.com/e,1
https://youtu.be/7oblffjb,1
https://youtu.be/8h99rrdj,1
https://twitter.com/cryst,1
https://protecttheresults,1
https://twitter.com/valer,1
https://twitter.com/bryan,1
https://mptaas.com/2020/0,1
https://53eig.ht/2xwdgyr,1
https://www.ibtimes.com/c,1
https://twitter.com/grump,1
http://www.marketwatch.co,1
https://youtu.be/ybsixn9m,1
https://twitter.com/baseb,1
https://www.outkick.com/d,1
https://ift.tt/3hc0wnq,1
https://mediumtimes.com/t,1
https://twitter.com/niles,1
https://eastautonews.com/,1
https://twitter.com/capar,1
https://twitter.com/patto,1
https://www.goodearthflue,1
https://twitter.com/ronwy,1
https://www.wionews.com/w,1
https://twitter.com/ridew,1
https://www.motorbiscuit.,1
https://www.theneweuropea,1
https://twitter.com/progr,1
https://tdrt.io/h-y,1
https://www.refinery29.co,1
https://www.alaturka.us/a,1
https://abcnews.go.com/am,1
https://www.ara.cat/inter,1
https://toresays.com/2020,1
http://dlvr.it/rc1tgm,1
https://youtu.be/81ewniol,1
https://twitter.com/likel,1
http://www.youtube.com/wa,1
http://bullshit.now,1
http://www.jollyjocker.co,1
https://www.digitaltrends,1
https://www.economist.com,1
https://thehornnews.com/s,1
https://twitt,1
http://www.latimes.com,1
http://blackinamerica.com,1
https://twitter.com/neal_,1
https://youtu.be/fwmjlsqf,1
https://socialsecuritywor,1
https://twitter.com/alamo,1
https://twitter.com/walke,1
https://youtu.be/mh4fuxxd,1
https://www.thisweeknews.,1
https://bit.ly/2zj5vsu,1
https://www.local10.com/n,1
https://bit.ly/2e31oja,1
https://twitter.com/timot,1
https://youtu.be/lf_opeut,1
https://ift.tt/3fnldsp,1
https://trib.al/f9scegt,1
https://www.factcheck.org,1
https://www.chukslyonews.,1
http://dispatch.com/news/,1
https://twitter.com/winga,1
http://disq.us/p/2aog6tk,1
https://twitter.com/huffp,1
http://dlvr.it/rbvdwh,1
https://twitter.com/omarj,1
https://twitter.com/sexco,1
https://politizoom.com/20,1
http://rover.ebay.com/rov,1
https://twitter.com/qpatr,1
https://twitter.com/craig,1
http://hill.cm/p0x2qaw,1
https://amp.theguardian.c,1
https://twitter.com/markh,1
https://www.good.is/artic,1
https://www.chapintv.com/,1
https://aliufastnet.com/n,1
https://bit.ly/2p3ysjj,1
http://dld.bz/netnews,1
http://dlvr.it/rc1qwy,1
https://youtu.be/edev3ey-,1
https://youtu.be/vayrllh_,1
https://www.dailywire.com,1
http://ow.ly/q9nf30qzpzn,1
https://hann.it/2wkxio4,1
https://twitter.com/fred_,1
http://dlvr.it/rc1t1m,1
https://www.ecowatch.com/,1
http://www.jingletree.com,1
https://www.nytimes.com/r,1
https://twitter.com/basea,1
https://patriotpulse.net/,1
http://secure.actblue.com,1
https://renewedright.com/,1
http://ihe.art/1zufvqq,1
https://www.vice.com/en_u,1
https://youtu.be/rrdk31sg,1
http://dlvr.it/rc1r6w,1
https://twitter.com/jmart,1
https://politi.co/3jgsqvs,1
https://twitter.com/richr,1
https://news.developervib,1
https://omny.fm/shows/all,1
https://fastinews.com/202,1
https://www.kanyeezy.co/2,1
https://trib.al/am31sur,1
https://twitter.com/that_,1
https://youtu.be/b99oulxq,1
https://wsau.com/blogs/be,1
https://rssfeeds.cloudsit,1
https://www.kron4.com/new,1
https://trib.al/kfowzcs,1
https://hoyentec.com/tecn,1
https://youtu.be/lyljtnqj,1
https://twitter.com/saahi,1
https://twitter.com/thepu,1
https://twitter.com/angry,1
http://dlvr.it/rc1tp0,1
http://www.thesmokinggun.,1
https://globalnews.ca/new,1
https://youtu.be/oixdmasa,1
https://twitter.com/footf,1
https://twitter.com/mundo,1
https://bitly.com/32yfqke,1
https://twitter.com/red_e,1
https://xoonews.com/by-ab,1
https://pjmedia.com/colum,1
https://flip.it/srh5n9,1
http://dlvr.it/rc1sbn,1
https://www.marcrixnotici,1
https://youtu.be/xwj1ebik,1
https://washingtonpost.co,1
https://www.lifesitenews.,1
https://www.cnbc.com/amp/,1
https://twitter.com/mkraj,1
https://mol.im/a/8541689,1
https://youtu.be/smjddwql,1
https://twitter.com/beach,1
https://nwt.bz/100ga,1
https://youtu.be/9suqzj2f,1
https://twitter.com/123rh,1
https://twitter.com/sahil,1
https://medicalxpress.com,1
https://twitter.com/savag,1
https://twitter.com/kamal,1
https://twitter.com/ryanl,1
https://richardhetu.com/2,1
http://bit.ly/??n????i??,1
https://youtu.be/vpaliajg,1
https://www.wlvr.org/2020,1
https://www.elperiodicode,1
https://twitter.com/kaitm,1
https://twitter.com/julia,1
https://twitter.com/karac,1
http://jail.so,1
https://ici.radio-canada.,1
http://rationalreview.new,1
https://www.conservatived,1
https://bit.ly/39ckcmr,1
https://youtu.be/r_ndvanb,1
https://interc.pt/3jogfeu,1
https://apnews.com/0aa783,1
https://goss.ie/travel/ka,1
http://dlvr.it/rc1ns8,1
https://www.nationalgeogr,1
https://youtu.be/pmv7u0ow,1
http://dlvr.it/rc1rsy,1
https://abcnews.go.com/us,1
https://youtu.be/dbojctdw,1
https://twitter.com/colle,1
https://encyclopedia.ushm,1
http://abovethelaw.com/20,1
https://twitter.com/cbs_h,1
https://twitter.com/youli,1
https://twitter.com/chizm,1
https://m.haberturk.com/a,1
http://chng.it/yyvxps2z,1
https://twitter.com/jkfec,1
https://caigaquiencaiga.n,1
https://j.mp/2wd9d5f,1
https://gjarr.it/2waapu7,1
https://twitter.com/proud,1
https://apnews.com/43033e,1
https://kingsnetnews.xyz/,1
https://www.bizscoop.in/2,1
http://dlvr.it/rc1s5c,1
https://rcooley123.wordpr,1
https://youtu.be/kupzj_tn,1
https://www.npr.org/secti,1
https://youtu.be/sgxoxwag,1
https://newsbox9.com/2020,1
https://ift.tt/2ziuluf,1
https://youtu.be/bw14phhi,1
https://cvitrolles.wordpr,1
https://www.nbcnewyork.co,1
https://www.lnk.xyz/rjthc,1
https://www.techmaq.com/t,1
http://chng.it/ry784rrc,1
http://salon.com,1
https://milnenews.com/201,1
http://donaldtrumpsmemoir,1
https://www.abendblatt.de,1
https://twitter.com/redwh,1
http://,1
https://washex.am/2wzcbty,1
https://youtu.be/i_evkcan,1
https://twitter.com/esoor,1
http://dlvr.it/rc1sff,1
https://twitter.com/paule,1
https://www.amerikaninses,1
https://ift.tt/3fpuoj2,1
http://dlvr.it/rc1pkg,1
https://twitter.com/aname,1
https://abcn.ws/3jlyxsd,1
https://apple.news/amlvl_,1
https://www.dallasnews.co,1
https://the1onlyaarongold,1
http://dlvr.it/rc1p3c,1
https://cnb.cx/302avma,1
https://bit.ly/satire_2of,1
http://cryptscout.com/new,1
https://twitter.com/morga,1
https://twitter.com/erinm,1
https://twitter.com/heyya,1
https://youtu.be/a0uyczwg,1
https://twitter.com/rayga,1
https://woodradio.iheart.,1
https://twitter.com/orani,1
http://www.msn.com/en-ca/,1
https://blogmobent.com/f/,1
https://www.scientificame,1
https://www.thecut.com/20,1
https://nyti.ms/3eknqds,1
https://twitter.com/chris,1
https://slate.com/news-an,1
http://dlvr.it/rc1q3p,1
https://www.amazon.com/dp,1
https://leadstories.com/h,1
https://bit.ly/3hhl6bi,1
http://tinyurl.com/y699a3,1
https://twitter.com/dknig,1
https://twitter.com/jimof,1
https://twitter.com/biden,1
https://twitter.com/jange,1
https://b87fm.com/ebro-ac,1
https://twitter.com/kanye,1
https://apple.news/aewexi,1
http://www.presshub.eu/us,1
https://twitter.com/loudn,1
http://ow.ly/abu230qzq7v,1
https://twitter.com/billp,1
https://thebanter.substac,1
https://www.timeanddate.c,1
http://www.golf.com/tour-,1
https://timesfamous.com/n,1
https://files.nc.gov/gove,1
https://twitter.com/brian,1
https://fox2now.com/news/,1
https://youtu.be/mahldnf4,1
https://youtu.be/85b50ypw,1
https://twitter.com/patch,1
https://hhdx.co/2bkcelw,1
https://bit.ly/30timpf,1
http://ow.ly/g8th30qzb3j,1
https://youtu.be/hc6jmo-3,1
http://a.msn.com/0,1
https://twitter.com/kroms,1
https://twitter.com/tvnew,1
https://www.habernediyor.,1
http://htv.mx/haq,1
https://bit.ly/3hon0qn,1
https://twitter.com/cdspa,1
https://youtu.be/fvc8y2ah,1
http://news.yahoo.com/cor,1
https://twitter.com/mmpad,1
https://thecongressionali,1
https://youtu.be/cqlmiono,1
https://bit.ly/30mhg7s,1
http://wcfcourier.com,1
https://pst.cr/lsbj3,1
https://popcrush.com/kany,1
https://twitter.com/theom,1
https://www.irishtimes.co,1
https://sudan.timesofnews,1
https://www.mystateline.c,1
https://www.lifezette.com,1
https://newscrossover.com,1
http://listin.to,1
https://trib.al/kd7oy6m,1
https://sharylattkisson.c,1
https://twitter.com/ustec,1
https://www.yahoo.com/huf,1
https://www.knoe.com/2020,1
https://youtu.be/4zqe9jxc,1
https://fxn.ws/2oi9wop,1
https://dai.ly/x5z20ez,1
http://dlvr.it/rc1s60,1
https://bildungblog.blogs,1
https://billypenn.com/202,1
http://dlvr.it/rc1syc,1
https://connectiv.events/,1
https://www.realclearpoli,1
http://trumpvictory.com,1
https://twitter.com/edhul,1
https://trib.al/mbymrqk,1
https://www.american-buff,1
https://twitter.com/astar,1
https://www.cnsnews.com/b,1
https://flip.it/p0pi.5,1
https://twitter.com/sandi,1
https://remrad.xyz/offici,1
http://chng.it/vhjdnbpn,1
https://twitter.com/sfgat,1
https://ift.tt/3eqckui,1
https://www.restaurantbus,1
https://twitter.com/joshd,1
http://zla.biz/chris-wall,1
https://youtu.be/pfy0lnsd,1
https://shop.oldrow.net/p,1
https://youtu.be/l53gjp-t,1
https://bit.ly/3eijkof,1
https://civilrights.org/t,1
http://www.scoopyweb.com/,1
https://theusawire.com/20,1
https://www.rt.com/usa/49,1
https://bit.ly/2zizlv0,1
https://aol.it/2wayf0d,1
https://twitter.com/sethn,1
https://youtu.be/aoolomla,1
https://cubanosporelmundo,1
http://ow.ly/wfe850adkss,1
https://youtu.be/rho91z2p,1
https://twitter.com/world,1
https://twitter.com/lemst,1
https://mavenroundtable.i,1
https://youtu.be/d3fzdgas,1
https://twitter.com/carmi,1
http://hill.cm/wdxwonu,1
https://twitter.com/mrand,1
http://dlvr.it/rc1rpl,1
http://m.uy/uc759060,1
https://twitter.com/prote,1
https://www.rainews.it/dl,1
https://ti.me/3envykn,1
https://www.mycouriertrib,1
https://www.nytimes.com/a,1
https://youtu.be/8e1yjihm,1
https://twitter.com/denbr,1
https://mtonews.com/cuban,1
https://www.ice.gov/news/,1
https://www.knoxnews.com/,1
https://twitter.com/ericb,1
https://paper.li/kenfeltm,1
https://twitter.com/omgma,1
https://youtu.be/wsratimu,1
https://vine.co/v/mat5vmh,1
https://youtu.be/uumbc3zt,1
https://twitter.com/trini,1
https://bit.ly/3hjg7ep,1
http://dlvr.it/rc1t3z,1
https://twitter.com/iowac,1
https://www.wkyc.com/arti,1
https://twitter.com/count,1
http://president.you,1
https://youtu.be/kaukjqqo,1
https://twitter.com/major,1
http://dlvr.it/rc1nvd,1
https://twitter.com/ianha,1
https://twitter.com/month,1
https://sptnkne.ws/dcrg,1
https://twitter.com/brook,1
https://on.rt.com/am6l,1
https://twitter.com/cajun,1
https://rvat.org/,1
https://go.shr.lc/399mh2g,1
https://time.com/5859209/,1
https://www.aol.com/artic,1
https://techosmo.com/the-,1
https://youtu.be/ahhzalmp,1
https://abcnews.go.com/in,1
http://stellasplace1.com/,1
http://dlvr.it/rc1s5f,1
http://huffp.st/6jhb7hs,1
https://galganov.com/2020,1
http://dlvr.it/rc1qmk,1
https://www.bitchute.com/,1
https://twitter.com/notat,1
https://flip.it/mwqbyi,1
https://twitter.com/jslov,1
https://conservativeround,1
https://youtu.be/r-r8ktza,1
https://bit.ly/3jyecoq,1
https://trends.gab.com/it,1
https://twitter.com/socfl,1
https://www.amazon.com/un,1
https://www.npr.org/2019/,1
https://twitter.com/annew,1
https://buff.ly/2zivzqk,1
http://www.profitplus.co.,1
https://twitter.com/popcr,1
https://youtu.be/c3jwo4z6,1
https://deadstate.org/ath,1
https://twitter.com/hidde,1
https://nssf.it/3fpklkv,1
https://www.sydneygagnon.,1
https://twitter.com,1
https://youtu.be/v-2-4lex,1
https://www.tvtnews.com/c,1
https://twitter.com/big_d,1
https://twitter.com/edwar,1
https://fxn.ws/32c9ujl,1
https://twitter.com/wonde,1
https://trib.al/lz0kcni,1
http://america.now,1
https://www.20minutes.fr/,1
https://twitter.com/boing,1
https://www.politico.eu/a,1
https://www.linkedin.com/,1
https://youtu.be/dqj_1dii,1
https://pocket.co/xhwqxz,1
http://dlvr.it/rbxrlj,1
http://dlvr.it/rc1sfq,1
https://www.ceskenoviny.c,1
https://trib.al/uxqinv0,1
https://twitter.com/donvo,1
https://twitter.com/putri,1
https://www.tvtnews.com/s,1
https://twitter.com/ajzei,1
https://flip.it/qs_ovt,1
https://twitter.com/lauri,1
http://dlvr.it/rc1p44,1
https://twitter.com/will7,1
http://dlvr.it/rc1q6y,1
https://www.documentcloud,1
https://mirrorsoftruth1.b,1
https://redbubble.com/i/m,1
https://www.bbc.co.uk/new,1
https://laotraopinion.com,1
https://bit.ly/2oiitmk,1
https://twitter.com/markl,1
https://us.cfdot.com/1170,1
https://conservativeresea,1
http://tmz.me/djcvlhw,1
https://news4america.word,1
https://twitter.com/dleon,1
https://youtu.be/mcacr54j,1
https://flip.it/a.joqp,1
http://dlvr.it/rc1r5k,1
https://bayareane.ws/3hn6,1
http://dlvr.it/rc1s3f,1
http://i.will.vote,1
https://pbs.twimg.com/med,1
https://youtu.be/w8ndudio,1
https://dizzed.com/analys,1
https://twitter.com/sassy,1
https://abcn.ws/3jh5evh,1
http://ow.ly/5gbr305mw3n,1
https://flip.it/elusv5,1
https://ift.tt/2wewns8,1
https://www.genadamedia.c,1
https://youtu.be/q_misavz,1
https://lawandcrime.com/s,1
https://twitter.com/joelo,1
https://www.denverpost.co,1
http://ciudadvalencia.com,1
https://twitter.com/sykes,1
https://youtu.be/t0lefzpz,1
https://twitter.com/pmlor,1
https://youtu.be/gutrq6ho,1
https://buff.ly/2cmutfu,1
https://twitter.com/zay_c,1
https://aje.io/3qsxe,1
http://dlvr.it/rc1p3v,1
https://www.,1
http://esutsu.blogspot.fi,1
http://dlvr.it/rc1qwv,1
https://twitter.com/mrrac,1
https://twitter.com/letgo,1
http://dlvr.it/rc1s9s,1
http://dlvr.it/rc1sqy,1
http://tinyurl.com/y4kwmx,1
https://www.listinsemanal,1
http://shanafilms.com/202,1
http://elperiodi.co/dhkol,1
https://youtu.be/vj59eyuf,1
https://politi.co/2wdyenm,1
https://youtu.be/hgglcqnv,1
https://conservativeinsti,1
https://m.lasvegassun.com,1
https://www.lapresse.ca/i,1
https://buff.ly/2cpcllq,1
https://www.en24news.com/,1
https://www.ad.nl/video/k,1
https://bit.ly/2wbwpky,1
https://buff.ly/3jqu1qz,1
https://winteryknight.com,1
http://irishcentral.com,1
https://aol.it/31rycmy,1
https://twitter.com/lifen,1
https://flip.it/iyaqyp,1
https://salann.org/2020/0,1
https://twitter.com/zackb,1
https://twitter.com/princ,1
https://twitter.com/actua,1
http://dlvr.it/rc1pjn,1
https://www.fark.com/comm,1
http://bit.ly/nevadafests,1
https://www.foxnews.com/w,1
https://ankaramasasi.com/,1
https://youtu.be/s3ibbq_l,1
https://www.frontpageghan,1
https://twitter.com/ouram,1
https://twitter.com/evago,1
https://youtu.be/wioxfqvb,1
https://www.investmentwat,1
http://djhjmedia.com/john,1
https://thebulwark.com/ab,1
https://twitter.com/jonfa,1
https://youtu.be/_f2z30j6,1
https://dissentwatch.com/,1
https://twitter.com/thisa,1
https://theinfomaker.com/,1
https://twitter.com/semsp,1
https://www.unimisionnoti,1
https://teamcandaceowens.,1
https://www.laverita.info,1
https://twitter.com/mxmar,1
https://twitter.com/cattu,1
https://twitter.com/teri_,1
https://youtu.be/r3arhyjs,1
https://youtu.be/mohjh8pe,1
https://politi.co/2wbtmsb,1
http://dlvr.it/rbxrrt,1
https://cbsn.ws/2cwnjch,1
https://twitter.com/yossi,1
https://youtu.be/wmgejubn,1
https://twitter.com/antiq,1
https://www.wusa9.com/art,1
https://laregaderaweb.blo,1
https://www.waynedupree.c,1
https://www.hotnewhiphop.,1
https://twitter.com/fathe,1
https://israelunwired.com,1
https://ift.tt/32zkvgs,1
https://ift.tt/3ehv6xr,1
https://twitter.com/billy,1
https://www.history.com/t,1
http://dlvr.it/rc1psf,1
https://www.reuters.com/v,1
https://es-mb.theepochtim,1
https://youtu.be/vtgzvarr,1
http://huffp.st/us6guwm,1
https://trib.al/fmdhssq,1
http://cleveland.com,1
https://www.amazon.com/ma,1
https://flip.it/tzbmy6,1
http://www.arcannabisclin,1
https://heavy.com/news/20,1
https://cdn.factcheck.org,1
https://youtu.be/mo08iwd_,1
https://ift.tt/3hlx4ye,1
https://twitter.com/mrcju,1
https://twitter.com/thesh,1
https://www.ratical.org/r,1
https://es.rt.com/7q6t,1
https://bit.ly/2e2zqdm,1
https://www.pausefun.com/,1
https://twitter.com/artdi,1
http://disq.us/p/2aogfap,1
https://twitter.com/1ofth,1
https://www.lawfareblog.c,1
http://dlvr.it/rc1qz1,1
https://anchor.fm/last-st,1
https://flip.it/c_t2of,1
https://arstechnica.com/t,1
https://trib.al/mni63t2,1
https://youtu.be/qrm6pt3o,1
https://news.conservative,1
http://dlvr.it/rc1p4p,1
https://www.rcnradio.com/,1
https://twitter.com/thepl,1
https://churchpop.com/202,1
https://news.yahoo.com/li,1
https://twitter.com/lolgo,1
http://dlvr.it/rc1s1c,1
https://twitter.com/savin,1
https://www.elnuevodia.co,1
https://twitter.com/kevin,1
https://twitter.com/hasex,1
https://www.espaciodepren,1
https://absolutenews.com/,1
https://youtu.be/orc3zpyj,1
https://flip.it/kxouja,1
https://www.constructiond,1
http://dlvr.it/rc1qhl,1
https://mol.im/a/8540715,1
https://twitter.com/judge,1
https://youtu.be/geevwsll,1
http://twib.in/l/79dad94e,1
https://buff.ly/2e22xol,1
https://j.mp/2crvfhw,1
https://youtu.be/gfujtsxb,1
https://twitter.com/dulce,1
https://twitter.com/obsol,1
https://apple.news/ar7pga,1
https://theglobalherald.c,1
https://exyz.info/trump-v,1
https://goodreads.com/rev,1
https://twitter.com/maryl,1
https://pst.cr/ts6ba,1
https://www.patreon.com/p,1
https://twitter.com/31127,1
https://gofirstnews.com/p,1
https://twitter.com/bmeis,1
https://bit.ly/3hj3qtj,1
https://twitter.com/derek,1
https://twitter.com/nypos,1
http://news.sky.com/story,1
https://www.propublica.or,1
https://twitter.com/bopin,1
https://twitter.com/rizzo,1
https://youtu.be/9wz0n2cv,1
http://dlvr.it/rc1rwm,1
https://buff.ly/3fpo7dm,1
https://youtu.be/qzvbpddp,1
https://socialequality.co,1
https://vm.tiktok.com/jfn,1
https://twitter.com/kheta,1
https://twitter.com/kenol,1
https://youtu.be/lij5u-fa,1
https://thenewssignal.com,1
https://newsone.com/38918,1
https://www.latesttoday.n,1
https://share-onthenet.bl,1
http://news.yahoo.com/pro,1
https://twitter.com/edbur,1
https://newscollector.org,1
https://www.law360.com/ta,1
https://www.poynter.org/n,1
https://eonline.com/video,1
https://on.mktw.net/2zidu,1
http://dlvr.it/rc1sdl,1
https://twitter.com/kylek,1
https://youtu.be/1xxjko3m,1
https://twitter.com/kimfr,1
https://cbsn.ws/3epz8be,1
https://twitter.com/gregg,1
https://cutt.ly/vaslnuc,1
https://twitter.com/marie,1
http://huffp.st/2uaoeld,1
https://trib.al/2u3uodk,1
https://www.postandcourie,1
https://youtu.be/rv8v8cmu,1
https://twitter.com/1776s,1
https://youtu.be/oysfcnpg,1
https://www.americanliber,1
https://twitter.com/reall,1
https://twitter.com/johnj,1
https://twitter.com/jerry,1
https://twitter.com/ktvu/,1
http://www.markcubancompa,1
http://mdwlive.net/2020/0,1
https://twitter.com/bymik,1
https://twitter.com/smila,1
https://gjarr.it/3hbaavl,1
https://twitter.com/dgpur,1
https://twitter.com/jayma,1
https://www.animalpolitic,1
http://dlvr.it/rc1pdl,1
https://youtu.be/krnkglhz,1
https://twitter.com/xxl/s,1
https://www.wxyz.com/news,1
https://blogforarizona.ne,1
https://twitter.com/alpha,1
https://youtu.be/9m7vqjav,1
http://video.foxnews.com/,1
https://twitter.com/darre,1
https://sentinelcolorado.,1
https://youtu.be/jiydrwdg,1
https://landofourfathers.,1
https://twitter.com/enhan,1
