value,count(1)
united states,3043
usa,1276
texas,408
earth,282
canada,245
florida,231
california,224
new york,223
los angeles,214
nyc,188
new york city,181
ohio,161
chicago,155
colorado,136
united states of america,101
planet earth,99
michigan,96
arizona,95
ny,95
southern california,87
venezuela,87
everywhere,85
uk,84
london,82
north carolina,78
united kingdom,76
boston,75
america,74
indiana,72
minnesota,69
san francisco,67
australia,65
new jersey,65
oregon,65
ca,60
atlanta,56
pacific northwest,55
pennsylvania,54
socal,54
san diego,54
alabama,53
toronto,53
nj,53
wisconsin,51
us,50
seattle,50
north america,46
georgia,46
tx,45
washington dc,43
usa,43
hell,42
massachusetts,42
virginia,42
ireland,42
illinois,41
nc,41
denver,40
washington state,40
global,40
the world,40
maryland,39
philadelphia,39
new england,39
germany,37
califcoast,36
france,36
here,36
kansas,36
deutschland,35
south carolina,35
midwest,35
houston,35
pa,35
az,35
bay area,34
new york,33
south florida,31
dallas,31
iowa,31
south africa,31
europe,31
tennessee,31
va,31
worldwide,31
northern california,31
louisiana,29
california,28
paris,28
brasil,27
usa,27
phoenix,27
missouri,27
pnw,27
italia,26
atl,26
connecticut,26
san francisco bay area,25
india,25
ct,24
silicon valley,24
philly,24
la,24
pittsburgh,23
kansas city,23
england,23
alaska,22
nevada,22
florida,22
kentucky,22
maine,22
new mexico,21
brooklyn,21
world,21
west coast,21
living blue in mississippi,20
the united states of america,20
northern virginia,20
new zealand,20
pendleton in,20
oklahoma,20
utah,20
in a house,20
south jersey,19
neuropsychology usa,19
montana,19
indianapolis,19
fl,19
washington,19
tn,18
pacific nw,18
norcal,18
maga country,17
austin,17
ukiah,17
caracas,16
vancouver,16
charlotte,16
cincinnati,16
us of a,16
idaho,16
las vegas,16
paradise,16
ga,16
cuba,16
wa,16
so cal,16
norway,16
left coast,16
colorado,16
new hampshire,15
pdx,15
somewhere,15
new york state,15
miami,15
scotland,15
new hampshire,15
montreal,15
nigeria,14
nova,14
texas,14
sc,14
mars,14
klas,14
pacific northwest,14
new zealand,14
argentina,14
sacramento,14
dc,14
virginia,14
barcelona,14
home,14
upstate ny,14
chile,14
east coast,13
just out of sorts,13
434,13
nc,13
south florida,13
3rd planet from the sun,13
behind you,13
sweden,13
sector8023 of the 3rd quadrant,13
mn,13
nova scotia,13
the universe,13
heaven,13
gun toting fly over country,13
central florida,13
estados unidos,12
chicagoland,12
northeast,12
nowhere,12
netherlands,12
greensboro nc,12
atlanta ga,12
minneapolis,12
the netherlands,12
md,12
mexico,12
colombia,11
western us,11
in your head,11
puerto rico,11
kc,11
puerto vallarta mexico,11
memphis,11
america,11
the eastern oregon outback,11
chicago,11
staten island,11
i live in beautiful california,11
nashville,11
united states,11
spain,11
ecuador,11
somewhere usa,11
long island,10
hanging with mrs tee,10
sunny florida,10
northern california,10
napa,10
rva,10
magaveteran,10
hong kong,10
secret stranger abode in yorks,10
tucson,10
massachusetts,10
usa sos,10
tampa,10
mi,10
the resistance,10
text trump to 88022,10
deep heart texas,10
mojave desert,9
onevoice1,9
michigan,9
seattle wa,9
lake champlain vt,9
swiss va lay,9
sw florida,9
blue in a red state,9
berlin,9
south east,9
texas hill country,9
your conscience,9
my lair,9
eastern united states,9
originally east coast,9
los angeles,9
milwaukee,9
somewhere,9
alberta,9
mississippi,9
chicago area,9
nor ca,9
somewhere in nc,9
new orleans,9
california high desert,9
anywhere,9
the real world,9
wyoming,9
la la land,9
houston texas,9
brooklyn ny,9
the great pacific northwest,9
denver co,9
san antonio,9
rio de janeiro,9
studio city,8
portugal,8
raider nation,8
not near area 51,8
south of texas,8
nederland,8
slc,8
east texas,8
a little seaside town,8
ogden,8
arkansas,8
rowlett tx,8
floridian living in az,8
everywhere,8
sf bay area,8
south florida heart in boston,8
alabama boy in pa,8
ca girl from mi living in la,8
tx united states,8
dfw,8
nm,8
cerritos,8
brazil,8
co,8
san antonio tx,8
go red minnesota,8
cape town,8
central ohio,8
stratford upon avon,8
iceland,8
love living near monterey ca,8
north texas,8
on the planet earth,8
dubai,8
madrid,8
bangladesh,8
baltimore,8
ventura california,8
ne ohio,8
castro valley,8
ma,8
kentucky,8
new to oregon coast,8
battlestar rivendell,8
deplorable nation,8
london,8
bremerton wa,8
ky,8
underground bunker somewhere,8
santa cruz mountains,8
somewhere over the rainbow,8
ici,8
obama avenue,8
state of confusion,8
live into the vision until the,8
parts unknown,8
austin tx,8
jersey,8
nola,7
the mitten,7
sacramento ca,7
oh,7
ontario,7
knowhere,7
the dictatorship of america,7
costa rica,7
middle america,7
the republic of texas,7
btw a rock and a hard place,7
orlando,7
stolen land,7
cleveland,7
buenos aires,7
livingroom couch,7
washington state from kentucky,7
wilmington nc,7
ciudadana del mundo,7
fayetteville nc,7
south central ohio,7
portland oregon,7
jamaica,7
las vegas nv,7
arkansas,7
the upside down,7
harlem ny,7
phoenix az,7
purgatory,7
out west,7
united states minor outlying islands,7
i have healthcare,7
gondor,7
manchester,7
mongolia,7
long island ny,7
illinois,7
edinburgh,7
wwg1wga,7
triad,7
los angeles ca,7
757,7
panama,7
the right side of history,7
miami,7
italy,7
portland,7
staten island,7
3rd rock from the sun,7
on the move,7
marshalltown iowa,7
boca raton,7
everywhere but somewhere,7
reno nv,6
somewhere in the usa,6
israel,6
chinook land,6
traveller,6
tampa bay,6
central california,6
somewhere nice,6
central texas,6
mass,6
floriduh,6
citizen of the world,6
htx,6
philadelphia pa,6
cyberspace,6
weekend in new england,6
alabama,6
seatttle,6
home sweet home,6
new england,6
belgique,6
seattle washington,6
rhode island,6
southern indiana,6
california mountains,6
nh,6
newton ma,6
the town,6
evergreen state of washington,6
antarctica,6
american citizen,6
wakanda,6
white plains ny united states,6
maryland,6
science,6
west hollywood,6
nashville tn,6
head up my ass,6
distressed states of america,6
sunny so cal,6
dominican republic,6
red state misery,6
middle of america,6
the hammer,6
texas,6
outside seattle,6
unnecessary lockdown,6
nswneslon bay,6
pittsburgh,6
central coast california,6
a whisper on your lips,6
uruguay,6
somewhere in na,6
abq nm,6
western massachusetts,6
calgary,6
right here,6
portland or,6
see threads under pinned tweet,6
british columbia,6
capcity sac ca,6
the moon,6
best coast,6
sw oregon,6
no,6
305,6
southern ca,6
central maryland,6
dublin,6
miami fl,6
wonderland,6
sur de chile,6
milky way galaxy usa,6
ansel adamsland,6
denmark,6
it is not down in any map,6
luxemburg w,6
cascadia,6
stardust particle in the cosmos,6
appalachia,6
dallas tx,6
gulf coast,6
by the sea,6
over the rainbow,6
honduras,6
australia,6
firenze,6
kcmo,6
out there,6
sonoma county,6
new zealand,6
america the beautiful,6
tampa bay florida,5
coastal america,5
space,5
the jersey cape,5
guatemala,5
idaho the conservative state,5
delray beach or london,5
somewhere,5
failed state,5
roaring twenties,5
no longer homeless,5
i am every where,5
suburbs of philadelphia,5
london canada,5
the catskills,5
west coast sewer,5
essex,5
amsterdam,5
haifa,5
north of ky east of illinois,5
politicopinion protectedspeech,5
mother box,5
switzerland,5
sverige,5
nw ar,5
the walking dead family,5
orange county,5
worldwide,5
valencia,5
mpls,5
north korea,5
fly over states,5
child of the universe,5
london uk europe,5
text resist to 50409,5
greater vancouver,5
seneca stronghold ny,5
merica,5
land that i love,5
dystopian hellscape,5
recife,5
north shore massachusetts,5
north georgia,5
southwest florida,5
connecticut,5
detroit,5
santa clara,5
empire state,5
palm beach,5
united states of equality,5
southern new hampshire,5
the shithole north of the 49th,5
western colorado,5
san jose,5
oklahoma city,5
vermont,5
vancouver wa,5
dystopia,5
now,5
chester county pa,5
dc metro area,5
milky way,5
planet earth,5
durban,5
southern illinois,5
golden state of mind,5
fresno california,5
third rock from the sun,5
places unknown,5
arizona,5
earth,5
western new york,5
internet,5
austin texas,5
bahamas,5
nyc,5
gotham city,5
el mundo,5
pacificnorthwest,5
el paso tx,5
rent free in libs heads,5
vermont,5
hollywood,5
pennslyvania,5
sheffield,5
jupiter universe,5
the dirty south,5
middleton wisco usa,5
columbus,5
birmingham alabama,5
lincoln ne,5
hallandale beach fl,5
up north,5
east texas,5
yemen,5
tejas,5
the sunshine state,5
leftcoast,5
cosmopolitan,5
se dc,5
the once  united states,5
sherman oaks ca,5
bilbao,5
buffalo ny,5
live free or die state,5
ny,5
here and there,5
smartsville,5
made in the usa,5
namibia,5
southeast usa,5
greater boston,5
californication,5
flyover country,5
interwebs,5
kristansand,5
midwest usa,5
from parts unknown,5
not of this world,5
far and wee,5
nationwide,5
central pa,5
far from the sea,5
america the miserable,5
slytherin common room,5
west virginia,4
georgai,4
old town alexandria,4
dirty south,4
greenland,4
beautiful northern california,4
lagos nigeria,4
north eastern washington state,4
mid west,4
the swamp,4
cali,4
sf,4
iraq,4
anywhere usa,4
ft laud fla,4
syracuse ny,4
san antonio texas,4
milky way galaxy,4
somewhere in america,4
texan living in florida,4
heartland of america,4
any pronouns,4
yorkshire england,4
commonwealth of virginia,4
san diego ca,4
somewhere out there,4
tuschy town,4
the void,4
southeast,4
golf course,4
the nearest lightning strike,4
east coast usa,4
upstate new york,4
rural usa,4
the past,4
resist rinse repeat,4
by the lake in sunny san diego,4
in the middle,4
santa monica,4
leon county florida,4
manhattan,4
land of the moonbat,4
houston tx,4
sherman oaks,4
sw michigan,4
city of angels and smog,4
rocky mountains,4
colorado springs,4
jersey shore,4
baton rouge,4
pnw,4
vaes dothrak of new york state,4
california,4
ca,4
windsor ontario  canada,4
bumpass virginia,4
red part arizona,4
ouchea,4
trinidad and tobago,4
redcliffe  qld   australia,4
your moms house,4
it varies,4
bristol,4
cny,4
blue dot in the south,4
vegas,4
somewhere in florida,4
dc,4
beautiful earth,4
colorado and points left,4
western canadian,4
g u e s s,4
phoenix arizona,4
wi,4
chicago il,4
st louis,4
dark side of the moon,4
purple mountains majesty,4
trump country,4
marooned,4
bishop tejas,4
co az ia ne mn ks il,4
ri,4
wnc,4
hamburg,4
bedford indiana,4
honolulu,4
eastern wa,4
vancity,4
washington state,4
the south,4
eu,4
mexico city,4
haiti,4
sweet home alabama,4
in the recess of your mind,4
hampton,4
seminole county,4
puget sound,4
lille,4
pennsylvania,4
center of the universe,4
kickassistan,4
marvel universe,4
off,4
stl,4
ontario canada,4
queen b in your area,4
maracay,4
nl,4
uws,4
iran,4
sydney,4
great state of texas,4
nyc metro area,4
hell,4
new jersey,4
louisiana,4
augusta not afraid t represent,4
prince rupert british columbia,4
right behind you,4
the windy city,4
metro vancouver,4
washngton state,4
monrovia maryland,4
rural upstate ny,4
rochester new york,4
fragile planet earth,4
my house,4
goodspring tn,4
middle earth,4
gentle on my mind,4
turkey,4
on top of meownt foreverrest,4
mediterranean europe,4
my bed,4
bfe,4
lancaster,4
east texas usa,4
west texas,4
armpit of tn,4
charleston sc,4
baltimore like living in hell,4
ultra liberal washington state,4
sudbury ontario canada,4
africa,4
a bunker in middle america,4
pale blue dot,4
within the realm ofpossibility,4
dallas texas usa,4
california,4
shithole country,4
the woods,4
the seventh level of hell,4
gaia,4
actual cyberpunk dystopia,4
vt,4
buckeye state,4
1600 pennsylvania ave,4
lovely fly over country,4
cape cod,4
glen allen virginia,4
in the vicinity of a big river,4
anywhere the resistance is,4
uranus,4
deep state,4
atchison kansas,4
somewhere down in texas,4
uganda,4
philly suburbs,4
albuquerque nm,4
ba sing se,4
southtown,4
tiny drop of blue in red state,4
cairo,4
in the moment,4
crowley tx,4
san francisco,4
venezuela,4
topeka kansas,4
nolin lake  kentucky,4
heart,4
almost heaven wild wonderfulwv,4
midwest,4
comfortable,4
looney liberal kalifornia,4
the heartland,4
trump area,4
secret bunneh hutch,4
trumptown ohio,4
peru,4
bananas republic,4
narnia,4
north america and world,4
cyprus,4
ontario canada,4
civilized western america,4
area 51,4
sw wisconsin,4
deep south,4
on earth,4
3rd rock,4
rockport tx,4
tampa fl and md working farm,4
lithuania,4
red state,4
so flo,4
none of your business,4
pluto,4
id,4
louisville ky,4
georgia usa,4
harrisburg pa,4
black lives matter,4
united states of america,4
upstate south carolina,4
winchester indiana,4
reality,4
or,4
belgium,4
bogota,4
chirping in a tree near you,4
human heart,4
southern ontario canada,4
gotham,4
the desert,4
nashville tennessee,4
aotearoa,4
ues of los angeles,4
living in the usa,4
mallorca,4
va fl mi oh tx il,4
north of 49,4
beside you patriot,4
niberu,4
south,4
traveling,3
pierrefonds qc,3
finland,3
dmv,3
beside you,3
socal desert,3
red state hell,3
greece,3
mount parnassus,3
somewhere in the south,3
somewhere minnesota,3
northern michigan,3
tokyo,3
seattle,3
i love this country,3
deep in the heart,3
black lives matter,3
present,3
i get around could be anywhere,3
oakland ca,3
northeast ohio,3
ne,3
uk,3
fredericton new brunswick,3
soros garret,3
northwest,3
pbr,3
il,3
reading,3
moon,3
texas made me,3
laguna,3
eternal kingdom,3
bay area ca,3
chicago suburbs,3
library of congress,3
cologne,3
jerz,3
mississippi gulf coast,3
california,3
texan in ca,3
my florida garden,3
gods country,3
malta,3
maine af,3
whidbey island,3
santiago,3
good old usa,3
between meme appropriations,3
new york city and points west,3
all bay all day,3
nomad,3
sheltering in place,3
melbourne,3
lebanon,3
japan,3
asheville,3
insomniac nation,3
minding my business,3
at home evanston,3
unknown,3
baltimore md,3
glasgow,3
knoxville,3
1 world,3
eugene,3
show me missouri,3
with the tree,3
philly area,3
northern cali,3
oz,3
america under threat from a criminal occupying the white house,3
farright cave,3
tennessee,3
usa in flyover country,3
west virginia,3
berwick pa,3
fla,3
where the fight is at,3
pluto southern region,3
witness protection,3
neverland,3
by the ocean,3
blue in a red county,3
where money cant buy,3
760 area code,3
inside my head,3
yutopia,3
duluth mn,3
konoha,3
outside,3
a small town finger lakes area,3
somewhere in florida,3
etx,3
the great state of eudaimonia,3
trumpland usa,3
north of north,3
east central illinois,3
moscow,3
medford oregon,3
los angeles california,3
the midwest,3
mars if i can help it,3
flat earth,3
mass spectrometry lab,3
michigan ground zero,3
above ground,3
state of ignorance,3
nightmare on pennsylvania ave,3
scottsdale,3
north central pa,3
bama emerald coast,3
nowhere usa,3
strange attractor central,3
22973,3
andromeda galaxy,3
covfefeville,3
east coast transplant,3
toronto canada,3
unceded coast salish territory,3
philadelphia,3
missouri ozarks,3
browns mills,3
deep east texas,3
la gran caracas,3
vote blue november 3rd,3
montana,3
southern usa,3
baton rouge louisiana,3
i follow back patriots back,3
new england somewhere,3
lowerwestcentral michigan,3
western massachusetts,3
neverwhere,3
usa for now,3
no go zone usa,3
savannah,3
the forgotten coast,3
dmv,3
deep in the heart of texas,3
lenox ohio,3
jacksonville fl,3
charlotte nc,3
702,3
international space station,3
ravenclaw comunal room,3
northern illinois,3
nowheresville usa,3
magaville,3
trump tower,3
unknown,3
somewhere in ny,3
the depths and the heights,3
the pale blue dot,3
the great state of texas,3
north syracuse ny,3
at home,3
death star,3
sandton,3
toronto,3
ca,3
the internet,3
georgia,3
raceland louisana,3
nw banter,3
paradise city,3
lost angeles,3
earth one,3
avengers mansion and around,3
1312,3
right where my arse is sitting,3
salt lake city utah,3
australian capital territory,3
pacific time,3
southern wisconsin,3
sw desert,3
third planet from sol,3
cfl,3
rural america,3
hiking with the pugs,3
heart of america,3
kansas city metro area,3
london england,3
vancouver bc,3
ohio,3
peace1000years,3
the republic of tejas,3
lonestar state,3
eastcoast,3
ny,3
elsewhere,3
in transit,3
the westernmost point of texas,3
delaware,3
fla,3
boston ma,3
somewhere out there in wi,3
senegal,3
dc metro,3
caracas venezuela,3
hope springs,3
occupied north america,3
cave creek az,3
middleearth,3
regrettably tory east ren,3
the nsa knows,3
nw,3
sw ohio,3
nowhere and everywhere,3
my grave,3
freedonia,3
onearth,3
bellingham washington,3
68133,3
crucial waukesha county,3
your living room,3
charlotte nc,3
the formerly great northwest,3
occupied,3
very far away,3
acab,3
berkeley ca,3
the world,3
el paso,3
white house whore house,3
saturn,3
german part of the eu,3
my own world,3
on a lake,3
western pa,3
boiling frog pot,3
jersey gurl,3
north of the border,3
33304,3
colorado usa,3
southern california,3
commiefornia,3
palm springs,3
we the people nation,3
mars,3
oregon,3
canada,3
east of sun west of moon,3
k9land,3
on the road,3
four corners area nm,3
wisconsin,3
north america and europe,3
wa state,3
around the way,3
orion,3
bedford,3
frisco tx,3
manor farm,3
outside of society,3
the twilight zone,3
bhowani junction,3
orlando fl,3
trump nation,3
shithole country,3
my airship up in ethersphere,3
dundalk maryland usa,3
somewhere in  ny,3
ann arbor,3
a ridge on the prairie,3
baltimore,3
mystical egypt,3
land of enchantment,3
london uk,3
somewhere on earth,3
forest lake,3
moby dack,3
florida gulf coast,3
hershey pa,3
army commendation medal,3
south of clueless,3
lincoln county new mexico,3
virginia beach,3
tallahassee,3
not in kansas anymore,3
maldives,3
the land of the free because of the brave usa,3
peoples republic of california,3
somewhere in new york,3
tombucktoo,3
barranquilla,3
eastern shore,3
colorado via missouri,3
pa,3
good life usa,3
mordor,3
kenya,3
southern cal,3
morioh,3
florida usa,3
atlantis,3
fort lauderdale,3
okc,3
elbowsup,3
huntsville alabama,3
third stone from the sun,3
atlanta,3
cloud 9,3
pakistan,3
spring hill fl,3
el salvador,3
the milky way,3
lakeland,3
bowels of nondescript building,3
fresno,3
amarillo texas,3
south alabama,3
in my bag,3
the cult,3
wash,3
murica,3
in my skin,3
beira,3
sierra vista az,3
office of george soros,3
dreamville,3
cumberland pond,3
occupied america,3
fly over country,3
peyton place,3
venus,3
blm,3
norcali,3
you cant get there from here,3
somewhere in the us,3
over yonder,3
brooklyn nyc,3
western north carolina,3
the west coast,3
colorful colorado,3
philly burbs,3
iditarod trail mile post 984,3
northern indiana,3
liberal n redass in,3
new delhi,3
left of center,3
wales,3
new york city,3
on the shore in vancouver,3
almost heaven,3
jefferson tx,3
my heart belongs to new mexico,3
south texas,3
the arid zone,3
athens,3
redacted,3
houston,3
in the storm of this life,3
not trump country,3
san junipero,3
usa and england,3
maga country,3
ur mom,3
belo horizonte,3
dallas texas,3
savethechildren,3
pacific northwest us,3
various,3
between a and z,3
the slack,3
fleeing the planet libtardia,2
i simply walked into mordor,2
north of nyc,2
traveling the west coast,2
medford nj,2
suburban philadelphia,2
west la,2
i am where i am,2
everett wa,2
underground bunker or bathroom,2
colo,2
winter haven fla,2
a flyover state,2
wa,2
paris france 75007,2
919,2
stockholm,2
sort of in the south,2
fort worth,2
kingdom hidden under the moon,2
terra,2
oakland,2
in my own sexy little world,2
native texan,2
south texas,2
somewhere in north carolina,2
seattle wa usa,2
home of the brave,2
deep red state,2
blue soon state,2
bufu land,2
here,2
interesting criminal trials,2
the middle of nowhere,2
proud chicagoan,2
state of denial,2
golden valley arizona,2
great united states of america,2
vaduz,2
the future,2
north carolina usa,2
middle age,2
the bat cave,2
sunny south,2
global citizen,2
planeta tierra,2
city of angels,2
rampancy,2
mykonos,2
croydon,2
nb,2
gigeresque nightmare,2
united kingdom ni,2
dudleyville,2
no justice no peace,2
neptune,2
southern united states,2
toronto ontario canada,2
lawn guyland,2
stargate,2
indiana usa,2
santiago de chile,2
land of oz,2
brisbane,2
state of jefferson,2
sc formerly connecticut,2
fiji,2
worcester,2
bizarro world,2
apache junction az,2
califas y zacatecas,2
south philly,2
low country,2
liverpool england,2
central michigan,2
nicaragua,2
fort trump,2
valhalla,2
seattle area,2
beijing,2
chicago usa,2
bitter clinger,2
houston usa,2
morgantown west virginia,2
heartland,2
west texas oil,2
inside,2
trump must go,2
rome ny,2
south east united states,2
tx,2
the desert southwest,2
iscandar,2
221b baker street,2
gulfport mississippi,2
outside chicago,2
south shore  nova scotia,2
underworld,2
never never land,2
the north,2
twitter,2
se louisiana,2
montevideo,2
large hardon collider,2
florida panhandle,2
between heaven and hell,2
east of the mad river,2
metro detroit,2
mask arizona,2
559,2
click link then click latest,2
laboratorio wildfire,2
in your mind,2
inland empire,2
liberal dystopia usa,2
chicago suburbia,2
the lone star state,2
iphone,2
zycopolis,2
northwest arkansas,2
granite state,2
universe,2
northern nj,2
off of western lake michigan,2
east of eden,2
global citizen,2
777 nw 72 ave ste 3030,2
beautiful california coast,2
indian country,2
missing johnny cash,2
salle du temps,2
orlando fla,2
none,2
boise,2
middle of nowhere,2
chromatica,2
stayhomesavelives,2
from the foot of mount belzoni,2
bayou,2
the troll capital of the world,2
in a world where barack obama is still pres,2
fighting right beside you,2
in christ,2
where i wanna be,2
ashburton grove,2
netherland,2
lone star state,2
broken america,2
dreamland,2
adrestian empire,2
hellas,2
somewhere in n cali,2
lost in the minnesota north woods,2
thailand,2
brussels,2
0,2
th1rt33n,2
trumpville,2
livin la dolce vita,2
word press,2
western usa,2
trumpland,2
ottawa,2
southeast texas,2
western ny rural,2
roc,2
tel aviv,2
aspien girl w mob connections,2
hagerstown maryland usa,2
italy,2
pooky town,2
national sacrifice zone,2
the space between my ears,2
northern ireland,2
beograd,2
up your ass and to the left,2
panama city beach  fl,2
triad nc,2
probably on a plane,2
akron oh,2
melemele island,2
planet pleasure,2
the third coast,2
lv la,2
rural texas,2
out of frame,2
sur de la florida,2
the lost wilds of the mind,2
australia,2
usa patriot,2
born in the great usa,2
santa rita guam,2
in the clouds or in my head,2
trinidad,2
citizen of earth,2
the hills,2
missouri,2
pioneer california,2
nacogdoches county tx,2
northern arizona,2
east tennessee,2
from land of lincoln,2
halfway back to sane,2
sweet land of liberty,2
global,2
yay area,2
the beyhive,2
solar system planet earth,2
casper  wy,2
golden state,2
northern illinois,2
world gone wrong,2
chi city,2
indiana,2
land of the free,2
makati cbd 1226,2
thedas,2
coppell tx,2
mississauga,2
ms,2
the place to be,2
wien,2
at home to save lives,2
chaz,2
shepherdsville ky,2
winnipeg,2
a bit of a pest to some ppl,2
tennessee,2
nunya biznez,2
arizona,2
southern cone,2
wiltshire,2
the final frontier,2
atlanta georgia,2
multiverse,2
atl joehja,2
somewhere on a beach,2
schweiz,2
mountains,2
american,2
somewhere new,2
charm city aka mobtown,2
puerto rico,2
phoenix revival,2
flounder town,2
the wild blue yonder,2
west coast on a island,2
outside the asylum,2
under these bitches skin,2
ligma,2
beautiful state of maine,2
capelle aan den ijssel,2
across the us,2
with god almighty,2
kappa beta phi,2
ny ny,2
twitter 2,2
auckland new zealand,2
warwick rhode island,2
32224,2
naked blue planet,2
antwerpen,2
cuernavaca city new york,2
westchester ny,2
citizen of the universe,2
cumbria,2
ankara,2
oklahoma,2
defuniak springs florida,2
the ragged edge,2
nrw,2
under his wings,2
nairobi,2
the republic of new california,2
western hemsphere,2
war torn republic of demonrats,2
naples fl,2
progressiveland,2
right behind you,2
state of disbelief,2
vienna,2
censorland,2
ft worth tx,2
look behind you,2
bompton,2
northern shire,2
las vegas,2
donde peligre la libertad,2
raftel island,2
ibervillebienvillecrozatmarais,2
alaska usa,2
somewhere in louisiana,2
manning point,2
us banana republic,2
bellevue ne,2
proud conservative republican,2
scottsdale az,2
west covina,2
some place higher,2
central ny,2
valley of the spun,2
everywhere in central america,2
ghana,2
the valley of ashes,2
florida us,2
paris of the piedmont,2
barbzcity,2
serbia,2
california and india,2
terra inlandia,2
free united states,2
central jersey,2
south america,2
hannover,2
the siskiyou mountains,2
dear iran,2
me,2
sittin on top of the world,2
yaritagua,2
los angeles via nyc via philly,2
norwood ga,2
somewhere on planet earth,2
virtual ether,2
appalachian mountains,2
pony soldier hoof camp,2
the queen city,2
right around the corner,2
i live inside ya radio baby,2
where the wild things are,2
the liberal northeast,2
janesville wisconsin,2
southwest us,2
somewhere in my head,2
se vt usa,2
var,2
i been everywhere man,2
nabuyaton,2
zihuatanejo,2
belleville,2
sfba cali,2
sailing,2
as far east you can go in usa,2
canada and europe,2
santa fe new mexico,2
terra do munca,2
helsinki,2
newcastle england,2
united shaysh,2
who knows,2
everywhere you want to be,2
iowa city,2
the paris of appalachia,2
hilbert space,2
a motorcycle journey,2
mississauga ontario canada,2
ri native living in texas,2
independent republic of derry,2
helltown,2
aberdeenshire uk,2
wandering the world,2
mid missouri,2
christmas island,2
i hate it here,2
merida venezuela,2
big city usa,2
o,2
california usa,2
amman,2
georgetown texas,2
omaha ne,2
espanola ontario,2
carny america,2
34698,2
jupiter fl,2
pg county,2
haringey,2
what im up too,2
bucks county pa,2
ecotopia,2
from the westside like maria,2
ellenwood,2
in the usa,2
misery,2
in cold as hell tall woods,2
dayton ohio,2
el pao,2
dunes,2
la tierra,2
planetearthbutsometimesiwonder,2
surbiton,2
tn,2
anywhere,2
sd,2
ok,2
georgia and tennessee,2
group tour on earth,2
emmaus pa,2
west michigan,2
seahaven,2
oregon coast,2
southern ohio,2
tulsa,2
e pluribus unum,2
asteroid m,2
hyderabad,2
durham nc,2
eastern nc,2
hill country of texas,2
krakatoa,2
pecatonica il usa,2
my body resides on earth,2
hamilton,2
holland,2
ny escapee,2
follows you,2
common sense,2
not wuhan china but america us,2
quarantine,2
valley of the sun,2
lfk,2
maui,2
always brooklyn but li now,2
wherever furries are located,2
quito,2
ocean view,2
maritime canada,2
puget sound wa,2
myrtle beach,2
the dmv,2
the d,2
queens ny,2
deez nuts,2
hogwarts,2
rural oregon,2
white plains ny,2
straight posted,2
eng,2
mother earth,2
yup,2
lawton,2
in the streets,2
tampa fl usa,2
a once green and pleasant land,2
socal,2
paducak ky,2
93,2
maga,2
la,2
madagascar,2
clinton missouri,2
charmbracelet,2
ahia,2
atl,2
calida,2
jupiter,2
big time usa,2
ky usa,2
southwest,2
proud to be north of the 49th,2
stolen land,2
dublin,2
front porch of infinity,2
sevierville,2
distrito capital,2
transylvania,2
new yawk,2
alec must see,2
michigander my whole life,2
hamilton ontario,2
south coast of england,2
thanagar,2
tampa bay florida,2
chicago illinois,2
downtown,2
spokane wa,2
at work,2
theater of the absurd,2
united staes,2
u s a,2
9th realm hanchestover mdpa,2
in my head,2
detroit rock city,2
galveston,2
there is no planet b,2
sioux city,2
ne iowa,2
hotel california,2
sevilla,2
las vegas nevada,2
maryland transplant central tx,2
kidderminster,2
st lucia,2
states of america,2
exit 4,2
welland,2
eastern plaguelands,2
89135,2
teegeeack,2
middle tennessee,2
another planet,2
heaven on earth,2
new normal world order,2
sri lanka,2
cancun,2
birbs are life,2
on the adventure,2
emerald city,2
mississippi,2
wakandaforever,2
chicago girl,2
usa connecticut,2
nyc via tampa,2
in your face usa,2
marijuanaland,2
intj island,2
southern alberta,2
usa ohio columbus,2
montpellier,2
somewhere in america,2
nycesspool,2
your moms butt,2
flg,2
north west,2
united federation of planets,2
down east,2
the old dominion,2
south shore 414 suburbs,2
williamsport pa,2
i live in boston,2
from kawartha lakes,2
northern va,2
yorkshire and the humber,2
zamunda,2
mes sistas afrofems,2
pizza planet,2
kekistan,2
blue state,2
bakersfield,2
no clue,2
undisclosed bunker,2
watching jojo on the couch,2
mt,2
land of lincoln,2
west coast,2
newburyport ma,2
freedom usa,2
brunnerville,2
quincy fl,2
middle of the usa,2
omnipotent,2
plague epicenter,2
national capital region,2
sleeping or crying,2
hollister califonia,2
south of heaven,2
hawaii,2
frozen tundra,2
jadahville,2
midnight train to georgia,2
bracknell uk,2
upstate ny,2
northern utah,2
mora mora land,2
home depot,2
sunshine state,2
nj usa,2
nederland,2
s w florida,2
world citizen,2
murrrland,2
henrico va,2
paris,2
uncompetitive blue state,2
northeast us,2
with waldo,2
under your bed,2
taking down pedophiles,2
digging in the meme mines,2
between lost and found,2
belgique,2
spaceship earth,2
bkny,2
home,2
ny metto,2
singapore,2
portlandia,2
raleigh nc,2
bowling green ky,2
greatest country on earth,2
byfield,2
illegal sanctuary of chiraq,2
zimbabwe,2
lansdowne pa,2
the scourge of carpathia,2
south wales,2
209,2
kitchen table in nashville,2
land of the formerly free,2
in spirit,2
cary nc,2
not here,2
st louis mo,2
kentucky usa,2
ny01,2
fun city,2
the online video gaming community,2
bay area california,2
cascadia,2
oregon usa,2
many places,2
any city usa,2
fire nation,2
island of long,2
pas,2
fullerton ca,2
right here,2
around,2
patch,2
ds9,2
risskov,2
saved through faith and grace,2
kuku yalanji country,2
siberian wilderness,2
driving miss hannah,2
athens ga,2
harlem,2
laguna beach,2
barbados,2
around the world in 365days,2
high likelihood of a beach,2
in a small town in georgia,2
jfk security line,2
new york metro area,2
pittsburgh pa,2
jul,2
silent weapons for quiet wars,2
kansas city mo,2
teessider,2
nyc area,2
unpredictable,2
obamagate,2
blm,2
nummenpakal,2
trumparmy,2
location,2
sd ca,2
buttbeach,2
never trump,2
elysium,2
boulder colorado,2
dtx to atx,2
columbia sc,2
frankfurt,2
former masshole in ny,2
under your feet,2
the doldrums,2
oh no,2
bunker,2
somewhere else,2
q,2
wilmington de,2
birmingham,2
laporte city ia,2
north east usa,2
beyond belief,2
verona wi,2
weho,2
vcu,2
sydney,2
north texas area,2
nm blue state,2
nw portland,2
freegenflynn,2
nuggs juicey,2
bible belt,2
greatest country in the world,2
dirty jersey,2
freeville,2
newport beach,2
rural west mi,2
li,2
bugtussle,2
the usa,2
in some place,2
great state of pennsylvania,2
sw chicago burbs,2
berwick maine,2
fuck around and find out,2
wearing a mask,2
twin falls,2
kent ohio,2
miami fla usa,2
winter park fla,2
north central washington,2
otown,2
waiting to meet taylor swift,2
southern cali,2
arizona and uk,2
your very old tv,2
made drudge 237 times since 08,2
route 25,2
bonnyrigg,2
somewhere in my mind,2
the night,2
the southwest desert,2
far far away,2
earth 1,2
voorschoten,2
tenerife,2
8507 queens blvd,2
commifornia,2
stationed overseas,2
zaragoza,2
just north of the border,2
marseille,2
port charlotte florida,2
virus ville,2
boston medical center,2
california     born january 6,2
beautiful florida keys,2
out here in the mix,2
dystopia usa,2
england,2
south east michigan,2
american southwest,2
saratoga wyoming,2
dtx,2
the motherland,2
not so deep south,2
home to the black aces,2
maryland bluestatehostage md05,2
new orleans,2
the mountains,2
world,2
calgary alberta canada,2
nm usa,2
central florida,2
sunny california,2
recently moved illinois,2
run,2
twin cities,2
02920,2
tampa,2
oldenburg indiana,2
cle,2
estonia,2
african diaspora,2
virginia usa,2
ks,2
bosstown,2
bikini bottom,2
houston area,2
portland oregon,2
510,2
bonny doon,2
210,2
kilkare speedway,2
minnesota,2
british columbia,2
far north coast ca,2
the garden state,2
chernobyl,2
mo usa,2
erie pa,2
chromatica,2
west of canada,2
herethereandeverywhere,2
my secret laboratory,2
alabama war eagle,2
lagos,2
you try to guess,2
texas af,2
catalunya,2
wsnc,2
merrie olde england,2
rowley ma,2
appalachians,2
the wastes of what was,2
the arizona desert,2
quebec,2
state of freedom for all,2
state of euphoria since nov 8 2016,2
universal,2
your local furcon orgy,2
333,2
rothenburg ob der tauber,2
danmark,2
northern ca,2
suisse,2
hellinois,2
elber,2
gainesville florida,2
planet earth is on fire,2
main accnt sus,2
the sonoran desert,2
south side chi,2
yacht rockstar,2
venezuela edo vargas,2
lone star state,2
the mile high city,2
yosemite,2
atl,2
a state of growth,2
steel city,2
somewhere in kentucky,2
south beach,2
east,2
central oregon,2
jax fl,2
off the q train,2
trump  country,2
hellworld,2
latvia,2
back and forth to the netherlands,2
shiganshina,2
censored,2
inland northwest usa,2
91,2
wherever blaze goes,2
on the catio,2
south west england,2
west palm beach,2
somewhere in green country,2
eden,2
the right to bear arms texas,2
trump land,2
republic of texas,2
colville indian reservation,2
wherever,2
blowout city,2
the pumpkin patch,2
ya moms house,2
orlando bay hill florida,2
the storm,2
the golden state,2
parler,2
ga cd10,2
90255,2
i be here  i be there,2
some where out there,2
otherworld,2
madison wi,2
road of life w no rest stops,2
somewhere in the universe,2
huahine,2
tosche station,2
chi,2
southern oregon,2
old trafford,2
bucolic central pa,2
mississippi,2
so cali,2
southwest,2
kodak tn,2
north east md,2
fullerton,2
the white house,2
united states of smash,2
the red state,2
my head,2
the creek,2
black hawk,2
oceanside,2
ripjuicewrld,2
lima,2
calizuela,2
parisnewyorkwashingtonmada,2
cimarron kansas,2
somewhere under the sun,2
where in the world is alle,2
republic of korea,2
the swamps of jersey,2
birmingham,2
s fl,2
csu stanislaus,2
around the corner,2
956,2
divided states of america,2
united states democrat,2
windham nh,2
duwamish,2
south eastern north carolina,2
sherrod brown country in ohio,2
somewhere in the midwest,2
washington metro,2
schweiz,2
aberystwyth,2
new york area,2
southeast pa,2
the commonwealth of va,2
west siloam springs oklahoma,2
beautiful east bay of ca,2
niagara,2
albany ny,2
jerusalem,2
nexus,2
maracaibo edo zulia,2
region ix,2
palm springs,2
southwestern michigan,2
bca danger zone,2
raleigh,2
continuum,2
shithole,2
massachusetts 6th district,2
southern us,2
demcastfl headquarters,2
homebush nsw,2
where the muse is,2
the republic of china,2
at your feet,2
kingston oklahoma,2
mo,2
traditional chinook land,2
yale university,2
united kingndom,2
cactus land,2
inside the beltway,2
08816,2
central coast,2
no where,2
online,1
green hill zone,1
dream land,1
aruba,1
minding my own business,1
not from this planet,1
george iowa,1
east tennessee usa,1
oregon,1
gadzooks,1
orange county ca,1
somewhere near cuyahoga falls,1
new york new york,1
bedford town,1
lost in plur,1
rio claro sp brasil,1
litter box brb,1
glamazonia,1
southeast missouri,1
nw mountains,1
where ironman is still alive,1
france ireland,1
lugano,1
sobre venezuela nave nodriza,1
above a convenience store,1
gotei 13,1
in a state of mind,1
trust the plan,1
maroc,1
jersey girl,1
belgium,1
unda the sea,1
somewhr in outerspace,1
wherever i am at this moment,1
sky,1
somewhere shittin on yall,1
securing the bag,1
yo ma house,1
among the trees,1
wano,1
heryer,1
nearest sushi bar,1
shoe salesman,1
necker island,1
the 6,1
brick hill,1
just google me,1
bmore to dc to global,1
ur lap,1
still none ya,1
icn bs,1
beautiful  blue  oregon,1
somewhere in idiocracyland,1
caracas y a veces otros sitios,1
la tierra roja,1
the black pearl,1
west side of atlanta,1
idiocracy,1
mechanus,1
fanwood nj,1
boondocksusa,1
central to all things,1
an island off florida,1
life path 11,1
around the beltway,1
b a n a n a s,1
los angeles 2049,1
realville,1
my voodoo kitchen,1
bunker,1
houston  texas,1
palmetto bay,1
small town in pa,1
lara venezuela,1
fairbanks,1
stone ocean,1
allegiant stadium,1
new york city suburb,1
eorzea,1
en la conchinchina,1
a parallel universe of usa,1
quito ecuador,1
right where i should be,1
terrapin station,1
north qashqiristan,1
gtfo,1
50 million views monthly,1
ukraine,1
rent free in my haters heads,1
east coast usa  planet earth,1
mpls usa,1
somewhere mostly warm,1
uae,1
enumclaw wa,1
sea of common sense,1
alexandria va,1
lekki lagos,1
just passing through,1
on the level,1
beautiful colorado,1
beast coast,1
new windsor ny,1
royaume du maroc,1
ecu,1
pindorama,1
a beautiful place called earth,1
madvillian,1
new madrid fault line,1
in this body,1
cherokee nation,1
wwg1wgaww,1
the pnw,1
chesley,1
usa,1
sc usa,1
timbuc2,1
gta,1
treaty 1,1
where ever work takes me,1
my place,1
delhi,1
us midwest,1
fork,1
prison of mine,1
sur twitter,1
olympus,1
wuhan china,1
phoenix,1
south africa kzn,1
ri us,1
clisson,1
inside the death star,1
back in brooklyn,1
valdivia,1
mind your business,1
ny state,1
rdg,1
circle,1
multiversal,1
daisy ville,1
udine,1
newark,1
university of kansas,1
biafra,1
yokuts territory,1
earth while it lasts,1
zambia,1
middle section,1
cosmic wonderland,1
portland maine,1
free state of south carolina,1
black lives fucking matter,1
dream world,1
chacao,1
the united states of america,1
around the house,1
90042,1
alpha quadrant,1
in the woods of northern maine,1
birmingham al,1
caracas dc,1
cheshire,1
wohnt im bunker,1
78736,1
libertyville,1
free mind,1
life coach,1
listen to my music,1
land of maple syrup,1
southeastern pa,1
cymru rydd,1
somewhere in the stratosphere,1
oreeegone,1
vires montesque vincimus,1
19074,1
beyhive,1
the library,1
ftp,1
the truman show,1
halifax,1
akron ohio,1
got brexit done,1
reality usa,1
uptown,1
wuhan,1
quillavice,1
american resistance,1
bermuda,1
living in a cold world,1
republic of europe,1
spiritrealm,1
jersey channel islands,1
usf,1
living rent free in your head,1
interred at rome,1
lost in cyberspace,1
in front of computer screen,1
reno,1
ny finger lakes,1
slaying albino alligators,1
kosovo,1
west of boston,1
constantly travelling,1
hopefully at home on my couch,1
wilmngton nc,1
idle town,1
cruzeiro horizonte,1
meatspace,1
nantes,1
charallave miranda venezuela,1
the sanctuary,1
clear lake wisconsin,1
the deep state university,1
the beautiful brave new world,1
riverside texas,1
the bermuda triangle,1
the fresh coast,1
the land of the free,1
in the clouds,1
snowy places and the internet,1
betim mg,1
the drivers paradise of soflo,1
mousa,1
mariana trench,1
the p22 resides in my heart,1
7 seas,1
westsylvania,1
baltimore city,1
nyc metro,1
japan,1
city of champions,1
flying high,1
galifrey,1
twilight zone,1
mia,1
your tv,1
in the backyard,1
peoples republic of kalifornia,1
ciudadana del mundo,1
angel grove,1
drakes house,1
bridge and tunnel,1
wolksvagon,1
in a pocket dimension,1
ca30,1
south louisiana,1
el paso,1
ct,1
northern colorado,1
new york and thereabout,1
utexas law,1
space mountain,1
jew 23 nonbinary trans lesbian,1
clearwater fla florida ny,1
entre konoha et east blue,1
a beach somewhere,1
vorarlberg,1
massachusetts usa,1
poland,1
my shed with my cats,1
rt does not related to like,1
sea of green,1
tamucc,1
my room or a concert,1
wausau wisconsin,1
kekliberstan,1
the abyss,1
den haag,1
paradise,1
bibliotecomunista,1
varina,1
gods beautiful earth,1
making peace with raisin bran,1
birds nest,1
forbidden planet,1
war saw,1
running late,1
csun,1
white hall,1
moon of jupiter,1
toronto ontario,1
long island new york,1
in the air,1
no dms please,1
alinor au couchant,1
eagle idaho,1
tertiary adjunct of unimatrix,1
the choir room,1
the west,1
you,1
toshi station,1
ibiza,1
europe and ireland,1
do not turn around,1
south louisiana,1
eastern us,1
clearwater florida,1
san francisco ca,1
resisting by the sea,1
must be near saltwater,1
center city philadelphia,1
3rd rock from sun,1
huddersfield,1
outside of morrisons,1
kinda woodsy here,1
harry styles,1
northern bc,1
somewhere for at least 4 days,1
ganglandia,1
ga made tx raised,1
la bella luna,1
highway 17,1
northeast pennsylvania,1
the greatest country on earth,1
bordeaux,1
scorpio moon,1
south london,1
trench,1
porchview,1
vaal triangle,1
your moms crib,1
i wish i knew,1
owen sound,1
jacksonville,1
the state of jefferson,1
san antonio tx,1
pandemic,1
atlanta  miami,1
corporate headquarters,1
in hawt land,1
numenor,1
marzipan city,1
arche b,1
texas panhandle,1
austria,1
peoria,1
wildcat country,1
626,1
tasmania,1
chicago il suburb,1
limbo,1
rocky mountain high,1
bumblefuckvill,1
metro seattle,1
saving bees,1
fuck yo couch,1
nueva esparta,1
cerbat mountain foothills az,1
atlanta philly belgium,1
state of palestine,1
jungkook,1
n16,1
at my house,1
texoma country,1
coast of maine,1
persia,1
11385,1
greater chicagoland,1
oshkosh wi,1
the gate,1
city 17,1
where the wild things are,1
landofthefreehomeofthebrave,1
west long branch,1
olympia,1
h44d tx,1
in the studio,1
listening to halsey,1
the wretched earth,1
wherever i want to be,1
cowboysnation,1
inner mongolia,1
doing the damn thing,1
hope ks,1
feminist coven,1
nocal og,1
kuwait,1
real america,1
dc metro for now,1
munich bavaria,1
island,1
babylon,1
on line,1
between kl and norfolk uk,1
all over the country,1
2 feet from the sun,1
in the skreets,1
chino hills,1
east los angeles,1
essex,1
white pride matters founding m,1
orlando,1
greater nyc,1
greenbelt,1
the capitol,1
frisco,1
palms,1
kek galaxy,1
orlando florida,1
outer heaven,1
la chingada,1
beacon hills,1
omaha,1
chi,1
oklahoma and kansas,1
sa,1
tri state area,1
parque chas,1
heck,1
9 13 17 cleveland o h,1
creating diverse media,1
st john us virgin islands,1
butthole of the world,1
down under,1
derry ireland,1
retweet betyr ikke mening,1
around,1
islington,1
swimming with some pigeons,1
heart of virginia,1
1 first street,1
downing street,1
quarantine paradise,1
910,1
chimbote,1
sol system,1
arizona usa,1
parker co,1
texas town,1
an der weser,1
sf la chicago,1
west of you,1
circus by britney spears,1
wishamufukerwood,1
pretoria,1
in bed,1
around the block a few times,1
bronx ny,1
a town called malice,1
mtl,1
in a bunker,1
a far green country,1
peronia,1
halfway out of a closet,1
sherbrooke,1
the clarke belt,1
rural canada,1
all parts south,1
palestine texas,1
5280,1
kentucky usa,1
wherever the fuck i be at,1
south central pa,1
baby face,1
west by god virginia,1
deep space,1
norddeutschland,1
in the woods,1
dtla,1
occupied dakota land,1
hipster coffee shop,1
aberdeen,1
fresh from my garden,1
turtle island,1
tampa bay,1
nv,1
east coast nj,1
domine non sum dignus,1
marbella spain,1
85701,1
babylon,1
gibraltar,1
arkham asylum,1
lv,1
"brooklyn",1
nunya bidness 12345,1
nekkedville,1
wherever random thought leads,1
rockbottom,1
unlisted,1
almost ma part of nh,1
great republic of texas,1
united states minnesota,1
southern flyover country,1
sleeping,1
a free state,1
proud texan from virginia,1
italia nord centro sud,1
rrdd,1
united states of awesome,1
puebla,1
310,1
oligarchy territory,1
the school of hard knox,1
the outskirts of camelot,1
place with no name,1
pensacola florida,1
kenia,1
my happy place,1
nueva yol,1
monagas,1
hidden leaf  village,1
tomorrow,1
london borough of barnet,1
against leviathan,1
brentfaiyaz,1
tug hill plateau,1
phx,1
somewhere doing the most,1
northdakota,1
frigo,1
very south cirencester,1
in the woods,1
with isaiah always,1
citizen of the free world,1
ostfriesland,1
jacksonville fl thru memphis,1
peaceonearth,1
pocket dimension,1
none of your business jack,1
czech republic,1
a step behind,1
oregon outback,1
sleezy,1
new york ny,1
out there way out there,1
earth sometimes mars,1
cabudare,1
fema zone nine,1
karina,1
probably with my boyfriend,1
casablanca,1
louisville,1
glorida,1
alta california,1
strawberry fields,1
california and oregon,1
ardmore pa,1
under tyranny,1
choiseul st lucia west indies,1
the apocalypse,1
the banana republic of norway,1
el mundo,1
the us gonna annex uk in 50yrs,1
santa ana,1
oxfordshire,1
ali,1
village hidden in the leaves,1
the interwebs,1
arda,1
staying global,1
often near mud or keyboards,1
portsmouth,1
crying,1
united states of nowhereville,1
undrainable swamp,1
twittersphere,1
tiktok mrbazzza,1
washington deep state,1
or,1
harlem world,1
htown,1
brighton and hove,1
bosnia and herzegovina,1
chicago and beyond,1
washington dc area,1
zona centro,1
ur butt,1
phoenix  az,1
location location location,1
looking at a blackbird,1
the ohio valley,1
somewhere under a cornfield,1
mountains of madness,1
sushi conveyor belt,1
norfolk uk,1
massachusetts,1
on top of the world,1
malachor,1
awesomeville,1
perpetually asleep,1
always horny,1
paxnw,1
piercing the heavens,1
great america,1
im trying,1
1984,1
pottsfield,1
from the bay to la,1
delaware usa,1
king drive,1
the blood of jesus,1
203,1
miami usa,1
japan osaka,1
the world wide web,1
phi,1
united states of north america,1
beloit wi usa,1
en internet,1
waxahachie tx,1
wisconisn,1
your dads house,1
the planet earth,1
paradisum,1
world wide online,1
new mexico usa,1
one step ahead,1
loveland co,1
gardens,1
paradis,1
bucketheadland,1
the beach,1
sj ca,1
the ville,1
back at it again,1
beim unitymedia kundenservice,1
el pueblo colorado,1
wandering,1
radwimps,1
the studio,1
constantly sarcastic tweets,1
deep knee in zombie guts,1
huntington beach ca,1
between here and there,1
milan italy,1
93063,1
manifesting abundance,1
nature coast of florida,1
kwabulawayo,1
panem,1
ur mum,1
rivendell,1
ganymede,1
your mommas house,1
complex vector space,1
fort worth,1
tardis,1
california knows how to party,1
i am currently at a location,1
c o n c e r t,1
citizen of nowhere,1
cola,1
gizmonics institute,1
northwest nj,1
hopefullyata1975concet,1
englandshire,1
wonderland,1
amerloque,1
university of connecticut,1
kansas,1
in your moms bedroom,1
kumasi,1
sea to tennessee,1
ten popierdolony kraj,1
springfieldmo,1
north side of right over there,1
avl,1
southern maine,1
hollywood ca,1
new bark town,1
a basement somewhere,1
tampa bay area,1
in between heaven and hell,1
bedford ia,1
in a eastern area,1
tijara,1
washington bureau,1
stolen nacotchtank land,1
mostly at work,1
stress express,1
hoegwarts,1
hometown usa,1
fl,1
acagchemem land,1
langley,1
the house of black and white,1
veep is a documentary,1
ny cd1,1
my house on my hill,1
niners nation,1
alefgard,1
chella,1
downeast maine,1
denton md,1
na festa,1
hive fleet kronos,1
windiest city in illinois,1
galveston texas,1
the grandest of rapids,1
proud texan in florida,1
terra de santa cruz,1
probably at the bar,1
north hollyballs,1
lost,1
death valley cali,1
currently san diego,1
973,1
rwanda,1
melbourne victoria,1
027,1
the untied kingdom,1
terra 616,1
baseball diamond,1
mandalor,1
land of the free,1
flossy,1
planet c53,1
wanderer of many ballparks,1
rocky mountains usa,1
504 battery drive,1
denver666,1
kc to nashville,1
6ft,1
hamster dam,1
promontorium gadi,1
pomona,1
nope,1
orlando flawda,1
brampton,1
d a l l a s t x,1
south dakota,1
milford,1
snl celebrity jeopardy,1
democratic party,1
big island of hawaii,1
realsville,1
shadows of the twilight zone,1
shaolin land,1
7 5 2 3 1,1
bass world,1
my own personal heck,1
ny to philly,1
atz tbz,1
lala,1
pensacola fl,1
sampa,1
living life,1
biafra,1
nebraska sandhills and northeast colorado,1
la otrora ciudad jardin,1
the goondocks,1
buckeye country,1
liberty nomad,1
elgin,1
in a state of wait,1
410,1
somewhere with a giant nickel,1
multifandom,1
america bitches,1
all over the place,1
chocolate town,1
shambles,1
pwllheli north wales,1
eastwisemen,1
the 4,1
pfp by chiyo,1
where the best pizza is made,1
pachamama,1
republic of macedonia,1
comala,1
planet vegeta,1
pacnw,1
the h at the bottom of the map,1
inner outer space,1
maine,1
american bottoms,1
free usa,1
boom beach,1
in my mind i am at anfield,1
behind different colored walls,1
costa del sol,1
somewhere listening to music,1
clearwater,1
with your mom,1
san diego forever,1
sc,1
rancho mirage ca,1
tombstone,1
new jerseyan,1
the hidden leaf village,1
maryland usa,1
find out,1
getting free,1
mainline of philadelphia,1
simulation 111222333444555 nyc,1
ward 129 zone 7,1
lekki ajah,1
tri cities washington,1
oak brook illinois,1
chester county pa,1
somewhere high dab,1
north wales,1
middletownny,1
hilltowne,1
m,1
east of ohio south of canada,1
12th dimension,1
in the ether,1
3d ascending quickly to 5d,1
kansas city area,1
doriancoreyproject,1
io,1
edge of western civilization,1
shizuoka,1
somewhere in the 34209,1
new mexico,1
the right,1
tw zone k la gente ve fachas,1
between the land and the sea,1
welshy in sunny bournemouth,1
anywhere i damn please,1
citizen of planet earth,1
bsb,1
btlm,1
city of perth,1
the left coast,1
yhdysvallat,1
disneyland haunted mansion,1
deepest of the deep state,1
occupied canada,1
hellcat spangled cavern,1
pnw and okc,1
error 451,1
with my dog,1
returning some video tapes,1
ljasdgdhiuowjeyeodb,1
fountain hills,1
summoning,1
campinas,1
guadalajara jalisco mexico,1
east texas in summer,1
united states midwest,1
homewood al usa,1
simpsonville sc,1
downtown theslums,1
cosmic but prefer perth,1
santa cruz,1
artic,1
the armpit of florida,1
minot,1
planetearth,1
monterrey,1
revolution front lines,1
gold coast,1
overal en nergens,1
richard,1
rustbelt city,1
the frozen north,1
denton,1
nyc usa,1
yyz,1
punjab pakistan,1
ones and zeros,1
dreamingofgoingoutsidemichigan,1
1060 w addison,1
banana republic usa,1
kakania,1
socal cali,1
hasta la fregada,1
ikebukuro,1
novi 2019,1
outside the trump reich,1
just vibin,1
bergame,1
deplorable militant normal,1
all coffee shops on haudenosaunee land,1
white house supply closet,1
america first,1
abuja nigeria,1
wherever the wind takes me,1
secure undisclosed location,1
where love is alive,1
greater philadelphia area,1
telemundo,1
barna,1
arlington,1
nose in a book,1
yorkshire uk,1
geeks resist headquarters,1
tfil,1
gaditano,1
dancing in the streets,1
global,1
214,1
on a lilypad in a big pond,1
central jersey,1
nyc nyc,1
somewhere in time,1
hobbiton,1
hollywood walk of fame,1
the wizarding world,1
waffle house,1
an airplane somewhere,1
nueva jersey,1
the place of worship,1
almadinah almunawarah,1
sc by way of fl,1
in the recesses of your brain,1
en las llanuras del medio,1
wall street,1
hell apparently,1
not clown world,1
somewhere crying abt something,1
probably on a flight somewhere,1
vermont usa,1
carmen sandiego,1
pzo,1
safe place,1
on another level,1
under the western sky,1
united state of tejas,1
the kingdom of wakanda,1
2028,1
salvador bahia brasil,1
east bay,1
on my war path,1
not where you dwell,1
swedistan,1
chicago nw suburbs,1
district of champions,1
on the road again,1
right side of the brain,1
near president trump,1
440,1
enjoying a rugby game,1
harvard of the midwest,1
in,1
surrey,1
trantor,1
chiclayo,1
flarida,1
florida native,1
closetland,1
some place special,1
love on earth as in heaven,1
le cosmos,1
north dakota,1
quarantined,1
202,1
96,1
urantia,1
north carolina  not charlotte,1
lehigh valley,1
korea,1
concan,1
raftel,1
la,1
llar nacional dels catalans,1
north by north west,1
exploring skyrim,1
cerca del valle,1
philadelphia usa,1
ussr,1
duquesne university,1
anytown usa,1
greater chicagoland area,1
tehran,1
great state of texas,1
belfast,1
trumpmenistan,1
la lune,1
804,1
mission kansas,1
republica independiente narnia,1
nicki minaj basement,1
hell on earth,1
beta male,1
usa baby,1
twitter dot com,1
american werewolf in toronto,1
location remote,1
probably in a pool somewhere,1
33133,1
shan franshisco,1
503,1
duat,1
errington bc canada,1
darmstadt,1
korean peninschwalla,1
chicharron,1
listening to boy in blue,1
not from here,1
north alabama,1
cornfields il,1
at home in the moment,1
england uk,1
heidelberg,1
ns canada,1
squahamish,1
borough mans,1
the west,1
wherever he takes me,1
far far away country,1
south west france,1
north of nixonland,1
joburg,1
seattle adjacent,1
rogue river  oregon,1
a cardboard box,1
between sadness and euphoria,1
maybe brampton,1
benghazi,1
wst,1
hermosa,1
cordoba,1
protesting,1
hyperspace,1
sp,1
jornada del muerto,1
mare tranquillitatis,1
no 5 kotokuraba street,1
in the field of battle,1
jalisco mexico,1
zerofecksistan,1
are u ok,1
las vegas nevada,1
south carolina,1
somewhere in the middle,1
pretty girl county md,1
east troy wisconsin,1
r g v,1
a city run by a fucking queen,1
the great awakening,1
gator country,1
on the beach in sw florida,1
somewhere in space,1
brigadoon,1
heaven,1
la habana,1
nw london,1
rolling with the homies,1
duke city,1
lost in the garden,1
konohagakure,1
maga wwg1wga,1
alaskan,1
fargo,1
fuck nigga free,1
hammonton nj,1
right next door to hell,1
alameda ca,1
small rock in the universe,1
high desert mountains,1
on my nimbus,1
sacramento california,1
green bay wisconsin,1
shadowbanned,1
huntington beach,1
west kirby,1
somewhere writing,1
delran nj,1
deep space,1
pompton lakes nj,1
rather be in the mountains,1
quarantine,1
our wedding,1
west mi,1
hot springs ar,1
nc,1
texas by way of swla,1
my own hell,1
hoboken,1
wine country usa,1
waiting for my soros check,1
yo mommas house,1
county durham,1
home of the brave,1
the 717,1
baltimore maryland,1
on a dolphin doin flips n shit,1
north philly,1
epiphanycontinuumnorthofuranus,1
a moldy tower on dromund kaas,1
above and below,1
untouchable location,1
the drearie moors of the isle,1
rent free inside libs heads,1
the autism spectrum,1
bruh quarantine,1
your basement,1
up for discussion,1
tn us,1
south of polaris,1
milky way galaxy,1
the pineywoods etx,1
nun ya,1
772,1
sw montana,1
tacoma,1
acqqqqqqquitted forever,1
la calle,1
washington dc metro,1
fascistdystopia,1
madison alabama,1
asgard,1
italy rome,1
midwest red state,1
nova,1
regina,1
dade,1
delta dreamflight prop storage,1
itomori,1
your mother,1
jusa gwaan ezi,1
melanin land,1
502,1
2835,1
nyanimal,1
syddanmark,1
upper left,1
mountain view ca 94043,1
pleasant park,1
the berkshires,1
the great pyramid of giza,1
guayabones,1
a beach in rosarito,1
connectitax,1
nulle part ailleurs,1
wilds of maine,1
institute of societal conditions,1
san diego,1
somewhere in 2020 draconian r,1
anywhere in the cosmos,1
where it was left last,1
tbd,1
za za land,1
camarillo ca,1
humble lucifer radiant kali,1
ugly part of cali,1
capital federal,1
naboo,1
camelot,1
kingston via peterborough,1
just outside motown,1
bismarck,1
canberra,1
alkmaar,1
holy hell,1
behind my keyboard,1
west plaza,1
your moms pussy,1
northern hemisphere,1
south coastal new england,1
everywhere and no where,1
the 3,1
united state,1
the country of lawprofblawg,1
ventura county,1
somewhere out there,1
hollow earth,1
away with the fairies,1
lebkuchendorf,1
idaho,1
corpus christi tx,1
na lua,1
rosario,1
big rock candy mountain,1
tatooine,1
an unidentified corner,1
stay home for 15 cons a year,1
endless darkness in the usa,1
socilist utopia of california,1
ramapo moutains nj,1
mc donough ny,1
fantasyland  on the potomac,1
no mans land,1
southern air temple,1
adenta,1
shell knob mo,1
astral plane,1
future expatriate,1
i have no idea,1
pawg paradise,1
a trailer park,1
save the bees,1
southeastern usa,1
999,1
just landed in new jersey,1
one day at a time avenue,1
bruxelles,1
indonesia,1
bed lmao,1
southern california usa,1
everett washington usa,1
i will not comply w trump adm,1
coventry and london,1
etobicoke,1
kamala for vp,1
in a hood near you,1
savannah georgia,1
brockton ma,1
donaldson ar,1
jersey girl in a florida world,1
hawthorne usa,1
eugene or,1
roma,1
big sky country,1
somewhere in colorado,1
country with most covid deaths,1
africa,1
hidden cloud village,1
cornwall uk,1
warana,1
the city of dreams,1
pls do not contact me via dm,1
somewhere l2m,1
near the rhombus,1
crying somewhere,1
dm ur panty drawer,1
760 i 858 i 619,1
cleveland ave,1
near tokyo,1
proud american,1
north west usa,1
her yer,1
soca,1
planet punk,1
united stated of america,1
donde no este la izquierda,1
unwittingly 4th level of hell,1
newcastle on tyne,1
hofstad,1
the oc,1
bretton woods,1
antifascist blvd,1
florida backwoods,1
404,1
near bath,1
over there,1
view park,1
the northeast,1
cheektowaga ny usa,1
multicast,1
thegwam,1
saint louis missouri,1
danville,1
underground railroad,1
between clinic and lab,1
inside,1
san joaquin valley,1
in the seventh layer of hell,1
valley of the dolls,1
in a booth voting blue,1
rio grande valley,1
deep in your pockets,1
silverthorne co,1
thighs high,1
flavor town,1
state of being,1
omaha ne,1
team rocket hq,1
valley village,1
chillin watchin sports,1
germany,1
bahrain,1
far left coast,1
laniakea supercluster,1
not my house,1
ruhrstadt,1
munyonyo hills,1
nottingham uk,1
a port named orchard in wa,1
irvine ca,1
some where out there,1
villa de ahome,1
century city,1
north carolina,1
surrey,1
la calle de las sirenas,1
lost angels,1
fucked up usa,1
the mud,1
little elm tx,1
no where lmao try and find me,1
yo mama pussy,1
urth,1
far from city lights,1
the united states,1
californ i a,1
cascade va,1
nys,1
bellaruse,1
red bank,1
new weimar republic,1
your mom,1
disboard,1
773,1
new twitter,1
all of america,1
the lovely texas hill country,1
upset,1
ivory tower of my conception,1
the haunted shipyard,1
0n the left side of texas,1
in your dreams,1
mexico,1
beach,1
enby,1
gehenna,1
ranchi,1
great britain,1
ky river palisades,1
in the black pool of genius,1
another dimension,1
northeast georgia,1
mobbcity,1
mercury retrograde,1
baja arizona,1
the cave,1
american expat,1
coloraddo,1
32nd in the union,1
emskirchen,1
newmarket,1
behind enemy lines,1
a trail of smoke and reason,1
michigan usa,1
summit county colorado,1
utter despair nj,1
the bad timeline,1
strange land,1
il but not the fun part,1
the ncr,1
your local repository,1
hidden realms,1
middle of the map,1
ex new mexico native,1
connecticut usa,1
north long beach,1
the cat circus,1
cursing from the cheap seats,1
southern new jersey,1
small corner of the yuri swamp,1
windsor near london uk,1
goth heaven,1
brooklyn ny,1
miami florida,1
between here and there,1
on the left,1
waterloo,1
san venganza,1
eastern seaboard,1
lost city of atlantis,1
yellowbrick rd,1
metro ny,1
somewhere sunny and 75,1
slightly right of libertarian,1
gorge ampitheater,1
barovia,1
bel air los angeles,1
brighton,1
bts exo svt tw bp loona itzy,1
faded on the gold skies,1
the first west coast,1
idol hell,1
somewhere in utah,1
802,1
rural okla,1
citrus heights ca,1
ozark mo,1
newberry sc usa,1
auda city,1
south bronx,1
ireland,1
scholar at odu,1
canazuela,1
rent free in ur head,1
north slope alaska,1
crazy town,1
kent wa,1
greater ny,1
tree,1
m a r s bitch,1
myrtle beach south carolina,1
island south of charleston sc,1
these great united states,1
freeport,1
san francisco bay,1
future world leader,1
western pennsylvania,1
porto alegre rs,1
coraopolis pa,1
89521,1
78,1
way down south,1
bedfordshire,1
your butt,1
ohio blue wave,1
jotaros arms,1
carlinville,1
77312,1
the collective cosmos,1
newcastle upon tyne,1
republic of california,1
helens bed,1
antalya,1
la county,1
flx ny,1
ec,1
isle of wight,1
gmu,1
lagrange il,1
guess where,1
below the equator,1
dc usa,1
behind the iron curtannew york,1
dust,1
bcn,1
panda express,1
columbus ga,1
miami beach,1
euphoria,1
canukistan,1
wherever visa is accepted,1
columbus cincinnati cleveland,1
norf newark,1
observing from the bleachers,1
movie theaters,1
baes bedroom,1
swan is,1
this earth,1
los estados unidos,1
mg,1
sw washington state,1
la luna,1
eighteen,1
mo and ks are in kc,1
1904,1
souled out,1
pain,1
southwest fl,1
central illinois,1
woodland hill california,1
back in the 309,1
manila philippines,1
on yo ass,1
capitol hill sar,1
android city of imagination,1
eating chicken nuggets,1
845,1
beautiful rainy oregon,1
the citadel,1
suburban girl,1
the right side,1
royal high,1
houstont,1
the city,1
southern maine coast,1
from nothing,1
griftopia,1
wherever,1
russia hacked my vodka,1
orleans,1
somewhere between bi and homo,1
6,1
between insanity and outsanity,1
trapped in my mind,1
upper peninsula of michigan,1
santorini,1
oregonistan,1
mother earth,1
woodlake ca,1
crying to gus dapperton,1
a place where your not,1
my tweets do not define me,1
small town with a dark secret,1
a blue state,1
little beirut,1
with ashley,1
looking over your shoulder,1
southern oregon,1
winterfell,1
rj brasil,1
the nine nine,1
rural maine,1
i live in the woods,1
lsd,1
port and aft,1
columbia river gorge,1
ga nyc tx ca,1
warminster,1
ddtx,1
the 4th dimension,1
this is planet earth,1
the land of enchantment,1
dyersburg tn,1
san rafael,1
your neighbor usa,1
your tongue,1
sunny fl,1
msp,1
shadows of pikes peak,1
corner solution,1
base to final,1
the shores of puget sound,1
sim id jdthechaosclan,1
intracoastal waterway,1
palm beach county,1
the guardian,1
following you,1
ophs,1
manhattan beach ca,1
gaea,1
puget sound area,1
my southern bubble,1
dooly,1
ohighyo,1
indigenous land,1
imperial terrace,1
halloffame city ohio,1
some where on earth,1
united arab emirates,1
twin peaks,1
my desk,1
w arv,1
the great state of georgia,1
sul do brasil,1
laugh tale,1
bacc in the 404,1
venezuela apure,1
springfield ma,1
montreal tpwk,1
my manz heart,1
the desert,1
midatlantavegas,1
youngstown ohio,1
halloweentown,1
the evergreen state,1
viva las vegas and cali,1
nooksack land,1
mariaville maine,1
the red light district,1
good vibes,1
nexus of all realities,1
hollywoo,1
in love,1
middle usa,1
superposition,1
fsu,1
al final del infinito,1
xaverian college manchester,1
grandview mo,1
green point nsw,1
cherry hill,1
rotterdam,1
upholding the constitution,1
inmyhead,1
theupsidedown,1
san carlos,1
srilanka,1
chiara,1
no where special,1
in orbit,1
tromaville usa,1
living blue in a red state,1
moncton  new brunswick,1
nantucket,1
coastal nc,1
pasadena to medina,1
houston tejas,1
the official dave of ri,1
slumberville,1
north florida,1
limerick,1
florida and colorado,1
montgeron,1
sac,1
dont worry about it california,1
metro dc area,1
none of your concern,1
northern flyover country,1
burkina faso,1
vancouver bc in the oort cloud,1
northwest usa,1
bindal and wulgurukaba land,1
were u want me 2 be,1
pinging off cell towers,1
atl179027,1
miec luna one,1
central fl,1
h,1
nowhere but home,1
stay tf home,1
dakar,1
galway ireland,1
near duesseldorf,1
caba,1
the land of freedom,1
mother of dragons,1
shiganshina,1
just near you,1
dom,1
exile,1
northwest mississippi,1
sufficient within myself,1
un peu partout,1
kildare,1
the ether,1
void outside the multiverse,1
u kno,1
flyover usa,1
planeta del olvido,1
lyndonville ny,1
eastern canada,1
ltx,1
togetbetter,1
nyc and the north fork,1
walla walla,1
twitter hell,1
moonbase alpha,1
new york long island,1
allies in action bootcamp,1
kingwood texas,1
my galaxy brain,1
beverly hills,1
deep sweaty south,1
republic of mozambique,1
west europe,1
social distance,1
somewhere in ireland,1
north yarmouth maine,1
itravel,1
delaware county pa,1
wv,1
pistolvania,1
outskirts of greater houston,1
central nebraska,1
hastings nebraska,1
nomanch in,1
denver,1
weeki wachee,1
in my own space,1
camas via pullman,1
now in usa,1
state of disarray,1
by a beach breaking dishes,1
texas usa,1
mas alla de los agujeros negro,1
a happier place than yesterday,1
dubai  uae,1
dancing under a mushroom,1
gunshine state afayk,1
us constitution and patriots,1
xalapa,1
arlandria,1
listen to my tunez,1
brasilia and goianinha,1
antares,1
chattanooga tn,1
beautiful southern california,1
your six,1
hollywoob,1
saint andrew,1
femboy hooters,1
far from folsom prison,1
wonderful wyoming,1
chigwell uk,1
sonoran desert,1
puerto de la cruz,1
brooklyn fire,1
in bed,1
somewhere over the rainbow,1
somewhere safe,1
kashyyyk,1
decatur,1
southern shore of lake ontario,1
douglas nogales yuma tucson az,1
venezuela,1
23,1
desacrated arapaho land,1
paradise usa,1
840,1
totalfuckinchaosclub,1
living in the library of highclere castle,1
canadian wetcoast,1
new engelonde,1
pittsburgh pennsylvania,1
oop north,1
ecoda tokyo japan,1
heemskerk,1
toon,1
what fresh hell,1
margraviato de brandeburgo,1
deep in the appalachians wnc,1
all over the northeast,1
in my own head,1
ocala national forest,1
mendocino county,1
missouri is a red state,1
oh to ny,1
my own state of peace of mind,1
lala land,1
we do be out here,1
great southwest,1
central pennsylvania,1
27th state,1
villarrica,1
raven rock complex,1
wild west,1
little bit of everywhere,1
atlanta georgia usa,1
the sunken place,1
pennsylvania usa,1
united states land of the free,1
in the bizzaro world of trump,1
a orthodox christian in socal,1
covering the globe,1
games,1
japon,1
new amerykah,1
the united states of houston,1
beautiful pacific nw,1
usa  happily married,1
pluto,1
sumwhere chillin,1
missing the midwest,1
salem oregon usa,1
wellington,1
arizona and washington state,1
the go,1
exploring uranus,1
shores of puget sound,1
conway ar,1
this is america,1
in the water somwhere,1
ancient greece,1
just tryin to survive life,1
ajah,1
caseyville,1
the empty void of space,1
metrodetroit,1
in an undisclosed location,1
that little blue dot,1
there and back again,1
not prison ideally,1
taniquetil,1
on ya mind,1
vilniaus,1
santo domingo norte,1
wishing4maui,1
central city,1
48226,1
zweden,1
any,1
an obama fashion show,1
3much,1
genosha,1
wherever i lay my head,1
above the clouds,1
baku,1
dc capitol hill,1
hazleton pa,1
central time zone,1
califa,1
salt lake city,1
bridgewater nj,1
southeastern united states,1
prestige worldwide,1
brohamasgurg,1
east yorkshire,1
couch,1
rj zo,1
quarter6,1
erie pa,1
where sweet tea is sweet,1
planet hulk,1
brooklyn via fl,1
killeen tx,1
111,1
cross plains wisconsin,1
democratic republic of congo,1
algiers,1
del amo city,1
taylor swift defense trenches,1
great usa,1
none of ur business tbh,1
pleasantville,1
chasing density,1
sour lake texas usa,1
there is no fucking future,1
broadway,1
nsk state,1
delft,1
you know,1
everyone,1
somewhere crying,1
caliphate of california,1
east pennsyltucky,1
dixie,1
cape coral fl,1
earf,1
by the stack of unread books,1
goodyear arizona,1
rawr,1
central ontario,1
unorthodox democracy,1
south africa,1
upper arlington oh,1
new bern boone charlotte,1
in the lab,1
the toxic waste dumps of nj,1
bay area,1
new hampshire or los angeles,1
south carolina remove graham,1
01960,1
redondo beach ca,1
in the sea,1
freedomland,1
back in helsinki,1
plains of ra,1
central tx,1
le gondor,1
lowville ny,1
north of boston,1
in my own little corner,1
great state of houston,1
britain,1
kissland,1
twatter jail,1
orlando florida,1
chandler az,1
amerikwa,1
babimbi,1
fl home of the best president,1
chromatica autonomous zone,1
the mountain,1
mostly michigan,1
indiana,1
ca us,1
coastal north carolina,1
sf bay,1
obelisk of wokeness,1
busheltown,1
the edge of sanity,1
pocket,1
robinwood annapolis,1
the island of misfit topics,1
charm city,1
55410,1
georgia,1
disgraceland,1
chez moi,1
toronto  canada,1
resting in his sacred heart,1
fingering the lakes,1
resistance,1
not where u r,1
south of market,1
08609,1
818 till i die,1
exeter,1
right beside you,1
in my own little world,1
lancashire and europe,1
lake orion michigan,1
nueva york,1
city of doors,1
cli,1
north devon,1
america usa,1
alpharetta georgia,1
black joy,1
nah,1
usa,1
absurdistan,1
2820,1
too far from a beach,1
new mexican californian,1
swfl,1
outer space,1
god bless the usa,1
not sure,1
wherever i perceive i am,1
party town,1
jambesi,1
tucson az,1
in my own world,1
google docs,1
420 camulos fam,1
sierra foothills,1
in limbo,1
40,1
rural michigan,1
santiago de cuba,1
metro detroit area,1
pdx aka hell,1
zona metropolitana guadalajara,1
77657,1
left coast usa,1
a planet,1
hawaii,1
uio,1
i see dead people,1
liverpool,1
college station,1
you know too much already,1
an bdmw,1
bellevue washington,1
jamaica plain,1
salty spitoon,1
liquid,1
bloopo county,1
disabled and stuck in nur hme,1
limbo,1
istanbul,1
macville,1
las vegas area,1
durban,1
tulsa oklahoma,1
dave,1
hidden leaf village,1
ogden ave,1
save the children usa,1
rural indiana,1
somewhere in the middle,1
se virginia,1
waffle,1
loughborough,1
ph,1
brantford ontario,1
pluton,1
sleeping lol,1
wilmy,1
qlf,1
somewhere deep in the usa,1
mayberry,1
florida 3rd house on the left,1
countryside usa,1
the germany of my mind,1
pisgah national forest,1
lovely south us,1
29420,1
belly of the beast,1
orcu,1
classified,1
bellingham wa,1
rural central texas,1
78704,1
college life,1
bored,1
dark timeline,1
sheep,1
somewhere in middle america,1
exile in europe,1
bath,1
the bad place,1
miami fla,1
powhatan va,1
somewhere in the void,1
in your backyard,1
red sox nation,1
nashville area,1
occupied chochenyo land,1
rtp,1
south east london,1
maga country usa,1
santa catarina,1
land of the thump,1
durban south africa,1
popeyes,1
lawton ok,1
havertown,1
university of georgia,1
mid central us,1
delco,1
sometimes here sometimes there,1
middle tn,1
kurasuna,1
626,1
canandaigua new york,1
one nation under god,1
oberbayern deutschland,1
penzance,1
szczecin,1
portland of oregon,1
calhoun mo,1
drops of jupiter,1
the snail zone,1
memphis tennessee,1
mexico and san diego,1
eifler jung,1
cogs of heaven,1
aarde,1
nowhere special,1
100 gecs tree,1
badlands of texas,1
hurtling through space,1
azerbaijan,1
manchester uk,1
eastern shore ns,1
nigeriaconfidential,1
a butt hole,1
just chillin,1
2019 nba champions city,1
east of la,1
on the verge,1
hell since 2016,1
south sudan,1
richard blackburn of rippon lo,1
tri state area northeast,1
no blue checkmark no problem,1
in the wind,1
auf achse,1
north east england,1
conericot,1
uk,1
mind tha business that pay hoe,1
obscure roman villa,1
scandinavia,1
some corner of space,1
austinite in san francisco,1
in my own mind,1
in the robot,1
green bay wi,1
el norte,1
northside,1
norf philly,1
kalida and columbus,1
banatsko veliko selo,1
wrong side of the tracks,1
democrats are evil,1
gordian knottingham,1
kailua hi,1
conus,1
embarrassing missouri,1
mas cerca de lo que piensas,1
nw,1
chesterfield,1
anchorage,1
hell 666,1
myrtle beach sc,1
gazza stretch,1
beside the dirty lake,1
un lugar llamado mundo,1
the banks of medicine creek,1
the black sea,1
beavercreek or,1
zubrowka,1
going to heaven meet me there,1
beautiful northern new jersey,1
smallville usa,1
wdc,1
under a bridge usa,1
philosphere,1
la cruz 5 region,1
nottingham,1
cape cod massachusetts,1
anywhere but here,1
quisiera estar en narnia,1
trying to find concert tickets,1
the commonwealth of kentucky,1
dominica,1
the circus,1
you never know,1
jakarta,1
grey matter,1
forest adjacent,1
ga usa,1
southwest ohio,1
newburyport,1
studio,1
a magic carpet,1
the sinus valley,1
dfw usa,1
louisiana,1
hollywoodland,1
new hampshire  usa,1
godscountry,1
phalaborwa,1
taured,1
cst,1
mex city,1
tabase and port elizabeth,1
muscle shoals,1
unimportant,1
ba sing se,1
planet,1
gijon,1
kingdom of saudi arabia,1
sp,1
uc berkeley,1
the blue part of pa,1
the great abyss,1
the bay,1
safe at home,1
the van allen belt,1
northeast georgia mountains,1
impeachistan,1
uk  the shire,1
springfield mo,1
south by southwest,1
a farm with lots of critters,1
in the uncanny valley,1
indianapolis area,1
eastern or,1
arg,1
where lugia wants to go,1
get familiar,1
currentlyeastcoast,1
terrapin nation,1
southern mars,1
ca x md,1
great state of insanity,1
villa villekulla,1
southern mississippi,1
galaxy,1
santa barbara ca,1
lubbock,1
teylingen,1
antifa underground headquarter,1
califas,1
mount indianapolis,1
319 iowa,1
narnia probably,1
sg county,1
neo tokyo,1
massachusetts and florida,1
the impala,1
prbly out eating with liz,1
f c t,1
stinson beach,1
icon source in website,1
third planet from sun,1
sexville,1
pumpkin hill,1
sarasota bay,1
kyoto,1
some place close,1
state of happiness,1
state of jefferson aka norcal,1
facing the rising sun,1
series of tubes,1
rockford,1
mid red fl tryn 2 flip it blue,1
with nae,1
nursia,1
planet of the apes,1
somewhere in the milky way,1
stik,1
squad,1
oakwood park grammar school,1
rocky mount va,1
somewhere near paradise,1
dakota homeland,1
guadeloupe,1
on the highway to hell,1
maga in a blue state,1
a corner store in hell,1
the land of the bear,1
citizen of the world now in ca,1
starship enterprise,1
kinshasa,1
socal conservative,1
ft lauderdale,1
the great white north,1
i wanna be the best,1
pasadena ca,1
pais valencia,1
las palmas de gran canaria,1
ddhh,1
al,1
in the kingdom with the queen,1
somewhere in history,1
in the void,1
beautiful central california coast,1
the last,1
louisiana and florida,1
sol system,1
suffolk,1
en mis nostalgias,1
maryand,1
on our only planet,1
trapped in the archives,1
san tropez,1
the great state of michigan,1
somewhere missing lid,1
sexcriminalboat,1
30342,1
a country divided by a madman,1
salt lake city and cairo egypt,1
new orleans la usa,1
here there be pelicans,1
uthot,1
sp zn,1
wichita state,1
fuck trump,1
near you,1
left coast,1
occupied kalapuya territory,1
saarland,1
where gone girl was filmed,1
brown county oh usa,1
leicester,1
en el mundo,1
hehim,1
sf via chi via wi,1
mumbai,1
victoria bc,1
the best part of california,1
washington home of theseahawks,1
cambridge,1
venus,1
port saint l,1
married incel island,1
i be in ny wit the gangstas,1
nun of ur fuckin business,1
a shithole country aka amerika,1
losangeles,1
wny,1
gasport,1
occupied wampanoag territory,1
somewhere in the deep south,1
greenville south carolina,1
live free or die,1
the bright end of nowhere,1
bates city,1
occupied tohono oodham land,1
rope village,1
clown world,1
serve the needy,1
the empire state,1
living,1
northwoods,1
philadelphia suburb,1
just lala land,1
vernon bc,1
wheretheinsomnicasdwell,1
leftist,1
unicornia,1
petaluma,1
clarksville,1
se massachusetts,1
land of the fallen moon,1
in atheist heaven,1
inside your refrigerator,1
fuenlabrada,1
an tiredh uhel,1
dickson avenue,1
longe,1
somd,1
multiversum,1
ca mn wa or bc,1
your dads house xx,1
one of the last conservatives left in oregon,1
the hive,1
port charlotte,1
a hilltop in virginia,1
midlands,1
phila pa,1
kingston on,1
fort worth tx,1
largest city in the midwest,1
british columbia canada,1
south tx,1
webb city mo,1
exit 109,1
knoxville tennessee,1
springfield,1
a realm within your mind,1
2007,1
416,1
milton keynes,1
si,1
imported from hell,1
in my comfort zone,1
united states central florida,1
undo rights,1
sw colorado,1
occupied leni lenape territory,1
land of the rising sun,1
kidderminster,1
none ya biz,1
britbong,1
provincia 16 de cuba,1
spottieottiedopaliscious horns,1
tours,1
matrouh,1
inside my mind,1
philly pa,1
outside the box,1
amada town,1
perihelion,1
perth australia,1
cal poly pomona,1
dying earth,1
chamozuela,1
texas il mexico,1
bharatavarsha,1
nw england,1
ellensburg,1
toad town,1
university of maryland,1
bakersfield ca,1
bts paved the way,1
hmm,1
detroit michigan,1
party town usa,1
gods government on earth,1
back in town,1
ma,1
the outer rim,1
god family country,1
third level of hell,1
the enchanted forest,1
at home flattening the curve,1
planet fox,1
big apple,1
richmond va washington dc,1
beer can island,1
in despair,1
living somewhere on earth,1
the bay area,1
delta quadrant,1
shay,1
with kia n resy,1
twitter circus,1
somewhere in the rockies,1
reggies basement,1
des moines,1
west village,1
dallastexas,1
pallet town,1
university of oregon,1
out of my element,1
anglophone areas near you,1
in your eyes,1
patriot transition voice,1
ur daddys house,1
discoworld,1
between the 10th commandment and the 10th amendment,1
hennesy beach,1
candyland,1
wilbraham ma,1
under the sea mostly,1
blue in deep red kansas,1
across the united states,1
is inevitable,1
everywhere and nowhere,1
civilization of the universe,1
eastern cape mthatha,1
my bag,1
committing atrocities,1
an area adjacent to a location,1
somewhere west of mississippi,1
rapture,1
ga,1
33,1
northwest us,1
rocky top,1
pain hq,1
on the right side of history,1
compton,1
escondido,1
tranquilo,1
somewhere near madness,1
south berwick maine,1
chez toi,1
the old pueblo,1
pennsylvania  usa,1
twitterverse,1
good places,1
abuja,1
md to il,1
jerusalem,1
swamp,1
burnaby bc,1
mogadisho somalia,1
the last best place,1
the 6ix,1
wuhan,1
in chat rooms showing feet,1
555,1
missing,1
pocomoke city,1
philadelphia pa usa,1
ram ranch,1
azeroth,1
cspan the other c network,1
cyvg,1
north east electric blue,1
33303,1
cocoon opposite of cancun,1
murderchusettes,1
mansfield ohio,1
oklahoma,1
98052,1
rome,1
monterey ca,1
darkansas,1
bronx new york,1
asheville north carolina,1
american nightmare,1
chicagoland,1
discovery bay ca,1
communist state of new jersey,1
tucked,1
in the gym,1
the middle,1
nearby,1
locationlandia,1
southern spain,1
u,1
las tunas cuba,1
boston college 2019,1
corner of no and where,1
amerikkka,1
on the river,1
zuid holland,1
in the upside down,1
native new yorker now in nc,1
dunwich,1
galactic sector zz9 plural z a,1
globaly international,1
cleveland ohio,1
central coast ca,1
palo alto,1
oak lawn,1
blaze republic,1
granite bay calif,1
the greatest city in the world,1
richmond va,1
mushroom kingdom,1
work,1
springdale ar,1
farrahs luggage,1
minding my buisness,1
dixie i love you,1
solsidan,1
these united states,1
somewhere in ohio,1
coachella,1
places,1
united states paradise,1
atx babyyy,1
north central  wa,1
so cal california,1
vietnam,1
madrid dreamin,1
purgatory,1
san diego and reno,1
vabch,1
unable to locate,1
being a bad bitch,1
back in the backwater,1
castle point essex,1
the pocono mountains,1
florida the drippy penis state,1
queria ta na ufu mas to em ksa,1
johto,1
virginia horse country,1
fangirling with catherine,1
a florida beach,1
burque,1
some place,1
i,1
bristol tn,1
cave of adullam,1
mountains,1
kil,1
the capital wasteland,1
room 237,1
americas,1
need to know basis,1
hamilton ontario canada,1
alameda california,1
st paul nb canada,1
northeastern us,1
saint paul,1
notw,1
open road,1
dayton tx,1
bothellwa,1
sex doll,1
low orbit,1
confination beach,1
zandvoort,1
wanderer,1
rio grande do sul,1
everwhere,1
cailfornia,1
the dark side of the moon,1
postmodern digital hellscape,1
stankonia,1
sheba x,1
flatland,1
florida,1
ahmedabad,1
riga,1
6ft away,1
hamilton ont canada,1
louisana,1
endor,1
antifascistburg,1
prime material plane,1
herefordshire england,1
flyover country,1
in your mind,1
made in chicago,1
no basic bitches zone,1
dividedstatesofamerica,1
greater than 800ft,1
wherever i may be,1
pq usa,1
global village,1
up my own ass,1
blue in deep red,1
243,1
greater chicago land area,1
apple valley,1
pixie hollow,1
seaphoam island  nj,1
thalassocracy,1
out standing in my field,1
team awesome,1
luton airport,1
wedonotconsent,1
saginaw mi,1
santa cruz,1
grapes of wrath va,1
se asia,1
staffordshire england,1
never trumpsville,1
wydaho,1
dallas tx 75214,1
country formerly known as usa,1
gayville,1
spain with a silent s,1
the periphery,1
only gay in heard county,1
franken in bayern,1
ciudadano del mundo,1
pronouns in bio,1
shirley,1
l i v i n,1
mohawk ny,1
global citizen of humanity,1
hawkeye state,1
waddy ky,1
glendale,1
anywhere away from trump,1
cultural purgatory,1
atx,1
momas basement,1
somewhere blue,1
the five points,1
316,1
812,1
txst 23,1
syracuse,1
piney tennessee,1
under your skin,1
on my trumph,1
tqm lumi,1
with milo and aqua and kylie,1
cardiff,1
suiza,1
matrix,1
blue usa,1
illes balears mallorca,1
dock of the bay,1
alpha centauri,1
live in tkpk,1
ny until i move to a red state,1
kentucky for the moment,1
wherevertheresfoodandanime,1
the dark side of pluto,1
jajas,1
out here,1
sarasota florida,1
political perdition,1
uc berkeley,1
martinsburg,1
in my own thoughts,1
callingoutnarcissismeverywhere,1
rialto ca usa,1
arlington virginia,1
carabobo24,1
south east florida,1
mordor,1
none of your business babe,1
disney,1
houstatlantavegas,1
werewolf land,1
boulder,1
kingsbury,1
ducked off,1
bbbbbbbberkeley,1
20109,1
where ever god needs me,1
london on,1
the big blue marble,1
yorkshire,1
canada,1
groomlake,1
somewhere on earth,1
the swamps of jersey,1
the great state of indiana,1
greater dc area,1
cybertron,1
fuck you bitch,1
state of absolute denial,1
equal island,1
a firehouse near you,1
virtual globe trotter,1
lewggsvansnad,1
blue planet,1
a free america,1
soulllesssfam,1
the cool zone,1
la by way of detroit,1
mckinney tx,1
the teaching of peace,1
la patria de angostura,1
upland california,1
paumanok,1
website,1
zombizuela,1
albert is my bf road,1
need 2 know,1
leo kottke is my kaos,1
beating racists ass,1
amadora,1
a racist country,1
im from crenshaw mafia,1
csusm,1
bremen,1
new eden,1
na casa do senhor amem,1
lake erie submarine,1
east bay,1
woodbridge nj,1
maracaibo,1
multiple deboosstss via naziss,1
greater lowell area,1
harbor city ca,1
over the world,1
playground,1
whittier,1
fuck moash,1
336,1
somewhere in limbo,1
444,1
murder mitten,1
a place where niggasstilllyin,1
tierra del fuego,1
313,1
9,1
finding someone for alex,1
los cabos baja california sur,1
western usa,1
chase,1
here and there,1
usually in sf,1
nigerian diaspora,1
the atlanic ocean,1
new york metropolitan area,1
up megtheestallions booty,1
low earth orbit,1
durm,1
washington dc,1
paca,1
new york and dc,1
212,1
the old bailey,1
herne,1
fraggle rock,1
south africa,1
behind you buh,1
guyana,1
duckburg,1
lake quivira,1
lifted,1
senin kalbin,1
the fire nation,1
great lakes region,1
under carolina blue skies,1
usa and uk,1
southwest usa,1
website coming soon,1
se pa,1
nonya usa,1
polska,1
northeast ohio,1
nrthrn tblnds nsw,1
too close to hell,1
adrian michigan,1
nirvana,1
souf cack to cville to atl,1
a goat farm east of the rhine,1
sardegna,1
edge of heaven,1
beyond my purview,1
alligator fuck house,1
middle east,1
vacationland,1
somewhere without guns,1
nw bradenton fl,1
ibadan,1
happy,1
sword base,1
cleveland and connecticut,1
happy place,1
314,1
greater los angeles area,1
floor,1
asgardia,1
57th state,1
wherever the pepper sauce is,1
beaumont,1
pisstown,1
arizona and wisconsin,1
portsmouth uk,1
allston rock city,1
encourage others to vote,1
bangor,1
road 23,1
westcoast,1
where ever the haters are,1
hop and a skip from notre dame,1
orangeville ontario,1
breakthrough hydromolecularmed,1
berkeley,1
dans la france,1
sector zz9 plural z alpha,1
haus of hytes,1
usa certum est quia impossibile est,1
haltom city texas,1
p fkn r,1
average american,1
galiza,1
cdmx,1
a shady 50s diner at 3am,1
wentworh nova scotia,1
where the peaches grow,1
los devos,1
glen burnie,1
southern kekistan,1
commiefornia,1
rego park queens nyc,1
deir yassin,1
ireland,1
alpha centauri,1
fuck china,1
praha,1
baltimore and surrounding area,1
malaga,1
new orleans la,1
san francisco north bay area,1
rent free in your mind,1
that place you dare not look,1
larries af,1
where the cash at,1
california to andalucia,1
uscss nostromo,1
with gucci spending racks,1
on your left,1
xxxxx,1
use code masswon for discount,1
depends on what day,1
middle of nc,1
the sewers,1
somewhere twerkin,1
scottish highlands,1
jersey,1
a basement on the hill,1
the gulags,1
ua high,1
former british empire,1
area formerly known as america,1
vote by mail oregon,1
wessex,1
i miss the norf,1
asmara,1
around and about,1
joe mama,1
unceded coast salish lands,1
el vigia edo merida,1
lenggries,1
san carlos ca,1
federation of cascadia,1
not the coolest dad,1
sucursal del cielo,1
out of sight,1
over it,1
always in the sunshine,1
6 ft behind you in a cool mask,1
monkey jungle,1
san fran,1
somewhere eating lol,1
cert emotion code practitioner,1
the rhombus,1
thirdrockfrmarathersmallstar,1
believeland,1
fucking flavor town,1
nyc via maine,1
socialist gb,1
haig point,1
18,1
rsa,1
me me big boy,1
illinos,1
onigashima,1
knoxville tn,1
mcr,1
ya bitches house,1
ab,1
fffffff texas,1
true north,1
lille,1
with you in spirit,1
1312 worldwide,1
roanoke,1
kinshasa,1
greater chicagoland  area,1
uflorida 21,1
surrey bc,1
let me off uptown,1
amsterdam1103,1
chestnut hill to gladwyne pa,1
1986,1
a rainbow,1
nonya,1
purgatory or the phillyburbs,1
adelaide south australia,1
leave me alone,1
j,1
southwestern ohio,1
utah congressional district 2,1
vortex of the american dream,1
surprise az,1
rajasthan,1
vero beach florida moneyville,1
red sox nation,1
215 sim lane,1
somewhere way out west,1
small town usa,1
motown,1
coastal oregon,1
jefferson county nys,1
san agustin caracas,1
castlevania city,1
azania,1
xxvii,1
the cheap seats,1
german bundesrepublik,1
sw florida,1
lakeside park,1
malibu,1
busega,1
in a militarized police state,1
sun,1
all around you,1
lukenya,1
twittersphere usa,1
state of mind,1
mn,1
wwf,1
in my grandmas village,1
anaheim hills,1
greater chicago area,1
omnipresent,1
boulder co,1
alberta,1
jersey shore,1
undisclosed location,1
occupied turtle island,1
muncie indiana,1
windsor,1
charlotte usa,1
wanderland,1
uga 21,1
orange county ny,1
you will never know,1
all roads lead to putin,1
the redwoods ca,1
springfield virginia,1
western canada,1
dunder mifflin,1
land of the giants,1
chaz,1
coffee,1
9th circle of hell,1
conservative maine,1
beaverton,1
greater new york city area,1
united states east coast,1
kekistan q,1
san fransisco,1
small heath,1
my room,1
mannheim,1
sw fl,1
mexican war streets,1
galveston tx,1
citizen of the earth,1
amerika,1
east asia,1
yucaipa,1
north phoenix,1
land of ice and snow,1
escambia county florida,1
where you least expect me,1
usually the richard cobden,1
vista,1
huntington wv,1
bardo,1
gulf of mexico,1
marin co ca,1
finger lakes region upstate ny,1
corner at a party,1
minnesconsin,1
triple frown farm,1
old valyria,1
dallas metroplix,1
so california,1
bed,1
albuquerque,1
the beautiful gulf coast,1
peoria az,1
fuck the carolina panthers,1
casadolcecasa,1
occupied chinook territory,1
madhattan,1
introvertopian haze,1
london,1
rem sleep,1
guayaquil,1
top sec priority clearance,1
brasilty,1
eu nl,1
510ccupied ohlone land,1
yes,1
nebraska,1
the big eye,1
the white privilege house,1
panhandle of florida,1
deep in the bunker,1
astroworld,1
yungcutzworld,1
elwynn forest,1
raleigh,1
lake wobegon mn,1
i am everywhere,1
mobay,1
leeds,1
its fine ill just die for food,1
wheels up,1
mercury,1
long island ny,1
lbk,1
once upon a time in hell,1
o n l i n e,1
south carolina honors college,1
p a i n in the 812,1
a backfield near you,1
webster groves,1
on stolen land,1
chez peter parker,1
addison texas,1
sacramento,1
spain,1
midstate cow hampshire,1
sike,1
lemuria,1
magatown,1
earth,1
kent,1
malaysia,1
i call annapolis home,1
comunidad valenciana,1
ozarks,1
mx,1
common sense usa,1
internet,1
sharia law must be eradicated,1
minnesnowda,1
lost somewhere in michigam,1
russia,1
lost in the fae woods,1
ace deuce,1
offthewallworld,1
nd,1
ferindonald,1
occupied abenaki land in vt,1
minny,1
missoula,1
buffalo new york,1
agrabah,1
hudson valley,1
los angeles ca,1
lonely out in space,1
inside the house,1
oregonian,1
somewhere adjacent to nyc,1
infj,1
chengdu,1
so california,1
wherever my heart is,1
smd,1
sunny southern california,1
dc area,1
thinkin bout forever,1
on the way,1
hudson valley,1
twilight zone,1
madison wisconsin,1
chicagoworld,1
jacksonville nc,1
vigo galiza,1
great lakes state,1
wrong end of nowhere,1
ultima thule,1
guantanamo,1
los angeles native,1
vultureville,1
middleofnowhere il,1
voting booth,1
too far west of nags head,1
my basement,1
a wolf den in the cloudforest,1
here or there,1
the mushroom kingdom,1
whoreville,1
the sands of modesto,1
ann arbor via little rock,1
padova,1
in my daydream universe,1
new york  ny,1
s california,1
the best coast,1
connecticut shoreline,1
vetlanda,1
living 808,1
the white suburbia,1
b,1
albuquerque nm from buffalo ny,1
north west arkansas,1
the united sates of america,1
bancroft mi,1
the istp dimension,1
shaolin,1
turn around,1
the beach fl,1
temple university,1
lost in my head,1
canada and america,1
melanin city,1
gotham city,1
currently banned,1
heehawnation,1
suburban chicago,1
abroad,1
ice planet hoth,1
planet gaia,1
where the west begins,1
newcastle nsw,1
north nj,1
sussex nj,1
ictmf,1
badalona,1
i pledge loyalty to america,1
the hague the netherlands,1
our house,1
beautiful pacific northwest,1
somewhere idk,1
california and utah,1
the university of kansas,1
heart of dixie,1
nueva york,1
the gym,1
no te importa saber,1
rdu,1
baby otaka is a slut for bsd,1
slovenia,1
vic aus,1
ub8kyin7ioo,1
yemen,1
sunshine state,1
greater kansas city,1
usa today,1
south cac,1
within sight of kodak park,1
hutt space,1
leeds,1
mostly in seattle,1
the observation deck,1
reno to the east bay,1
asturias,1
wherever my rv takes me,1
uganda kla,1
in route,1
chilltown,1
deep inside of you,1
planet earthish,1
antalya,1
stark industries,1
pulaski,1
cleveland,1
mile high city,1
alabama,1
somewhere in indiana,1
new world order headcourters,1
omaha metro area,1
misery club,1
covfefe,1
venezolano,1
lesbos,1
greater toronto area burbs,1
middle of texas,1
queens,1
depression land,1
augusta,1
academic purgatory,1
salt lake city,1
columbus oh,1
turning michigan blue,1
winner winner,1
the other washington,1
honeymoon avenue,1
wirral,1
fema region v,1
kennesaw ga,1
rhode island,1
lodi,1
nyc to clt,1
the republic the united states,1
middelburg,1
great pacific northwest,1
laguna beach,1
nycer thriving in wsnc,1
blue ball,1
lapeer mi,1
the end of the rainbow,1
scranton pa,1
the lou,1
hidden leaf village,1
somewhere respecting women,1
akaland,1
please no dms,1
north jersey,1
prairie fire homeland,1
wordwide,1
avenging planet,1
the matrix,1
greater manchester,1
the cool kid tree house,1
h of the hollywood sign,1
where ever i want to be,1
kanas city,1
not gambia,1
antifa democratsare terrorists,1
long story,1
listening to queen,1
sol invictus,1
nw blue state,1
shinee world,1
french riviera,1
luton,1
duuuuuvalllll,1
somewhere in the mountains,1
a dark corner of the internet,1
nomad,1
upstate sc,1
hyperbolic time chamber,1
252,1
beside myself,1
binary,1
on the side of the plebeius,1
bruselas,1
check google,1
socialist state of california,1
centertown ky,1
kingxteejay,1
gatineau,1
new world,1
satellite beach fl,1
spec ops guy lap,1
901 via 213,1
blue,1
fly over country,1
mi cueva,1
pepperdine university,1
anywhere and everywhere,1
dc by way of ca,1
nebraska usa,1
mke,1
yank,1
beach city,1
club quarantine,1
paris et le monde,1
toccoa,1
staring at the sky,1
the heart of chicago,1
rehearsal,1
riv,1
fresh meadows ny ocean city md,1
china,1
margaritaville,1
near heaven 3,1
murrland,1
northern mn,1
right there,1
belmore correctional,1
beneath this dreaming tree,1
occupytheweb,1
norge,1
the 1,1
mostly earth,1
home office for the duration,1
from bordeaux to san diego,1
the other side of midnight,1
abusive las vegas deadly docs,1
bama,1
driftwood texas,1
in a very nice basket,1
scotlan,1
fight me,1
where the wind comes sweeping,1
digitally everywhere,1
san francisco native,1
hubei,1
middle of uranus,1
satx,1
the windy city denver gorgeous,1
i am antifa and blm,1
oc,1
blacklivesmatter,1
newport ri,1
gulf coast mississippi,1
southern cali,1
oakland,1
off the coast of black acre,1
new home of the pga,1
graphic design,1
eacape illinois,1
da west coast,1
entebbe,1
43210 via 44236,1
glizzybath,1
stuck in a red state,1
hickory nc,1
lr ar,1
518,1
not in a red state,1
doxxed,1
in the studio making art,1
be here now,1
in favor,1
wisconsisn,1
hypocratic states,1
meh,1
your mothers,1
a small bluish marble,1
lienchestein,1
the land of maple syrup and cariboos,1
getafe,1
everywhere but nowehere,1
carlisle,1
spotts beach cayman,1
irrelevant,1
in the wish a nigga woods,1
jersey coast,1
san diego area,1
215,1
gym,1
first in bastogne,1
oh oh chicago we love you so,1
nowhere,1
954,1
vancouer island canada,1
rock,1
greater los angeles,1
threeohone,1
lincolnshire uk,1
usaf,1
non dubium,1
from the hood to the holler,1
fl resister,1
stl and the eastside,1
from the atl to ok,1
corner of pats and genos,1
western ny,1
i am the world,1
blackwork hq,1
thompson manitoba,1
saint vincent and the grenadin,1
chi town,1
us of native americans,1
the south usa,1
61525,1
jungle,1
fairbanks alaska,1
clearfield utah,1
springfield,1
beaverton oregon,1
djibouti,1
sao paulo,1
blue guy living in a red state,1
locality is relative,1
bulgaria,1
ut,1
pacific northwest usa,1
north las vegas,1
shanghai,1
"barcelona",1
spring texas,1
university of akron,1
wherever you need me to be,1
oklahoma city steeler nation,1
clallam bay,1
hogwarts school,1
anywhere there is sand,1
liberty city,1
in the wind,1
in my white ass lane,1
visiting rawanda,1
out of place,1
deep space nine,1
5d,1
where it matters,1
rennes,1
north,1
now in nebraskduh,1
the realm where digimon evolve,1
no locked accounts,1
saint paul minnesota,1
all up in your buisness,1
bob marshall wilderness,1
istanbul,1
most likely atl,1
wynne arkansas usa,1
love it,1
northport me,1
the state of misery,1
our dying planet,1
coast salish territories,1
corrupt california,1
fox news channel,1
your local subdivision,1
watertown sd,1
back in narrows sick emoji,1
your head,1
rabid blue dot in a red place,1
kentucky near,1
new york usa,1
resist usa,1
wildest east anglia,1
wa coast usa,1
the worst country on earth bro,1
pune,1
wyoming and montana,1
atlanta dc,1
buderim queensland,1
krakoa,1
bel air,1
new york strong,1
quilmes,1
currents ball,1
delusion,1
a random town near nyc,1
bluegrass state,1
clwn wrld,1
lived everywhere in usa n usvi,1
donostia,1
oldenburg,1
trumpsylvania,1
nyt article search api,1
the island of misfit toys,1
mgmrns,1
esbjerg,1
gnv,1
toilet,1
ohio usa,1
polen,1
michigan thumb,1
daytona beach fl,1
other dimensions,1
north of the wall,1
outpost 31,1
confederated communes of earth,1
alaska,1
minnesotan,1
elba,1
phoendy,1
london and paris,1
denver colorado,1
somewhere in the band universe,1
trumplandia,1
south bay all day,1
blue dot in red state,1
the interweb,1
ulaanbaatar,1
endhaven,1
patriots country,1
hyperolic time chamber,1
home depot hot dog stand,1
corona infested ohio,1
the 315,1
milton wv,1
loonaverse,1
valladolid,1
stranger in a strange land,1
eu,1
lewes de,1
the molten ocean,1
nice try fbi,1
somewhere in ohio,1
laniakea,1
frontatown calliope,1
somehwere bitch,1
usa in the heartland,1
nowhere and everywhere,1
in the moment,1
desolate jingoistic tower,1
in vegas,1
bloomington il,1
rio grande rs,1
twitter jail,1
blue dot in go big red state,1
kumo,1
roaming,1
harry styles whore,1
stolen abenaki land,1
the cottage,1
being annoying,1
in a fish tank probably,1
lyoko,1
near the ocean,1
in my bathtub,1
new port richey florida,1
frankfurt,1
making calls for joe,1
uncg,1
central arkansas,1
the streets,1
battle ground wa,1
north idaho,1
notyo bidness usa,1
magic city,1
somewhere in california,1
mountain west,1
little rock ar,1
austria,1
somewhere still in hell,1
pretty far to the left,1
child of earth,1
trump town usa,1
astoria new york,1
on a beach in florida,1
whitehouse station new jersey,1
exclusively audio podcast,1
somewhere in upstate new york,1
biggest little city,1
mundo,1
the state of nature,1
in deinen erinnerungen,1
new york city area,1
eastern time zone,1
my dreams,1
sanrio puroland,1
nepa,1
san jose ca,1
gettysburg  pa,1
neo,1
beyond parts unknown,1
azkaban,1
in my room,1
the ohio and beyond,1
in plain sight,1
crying in bed,1
ma is home,1
planet erde,1
knox county tn,1
ur dads house,1
kallipolis,1
disco,1
nairobi kenya,1
columbus ohio,1
society,1
rural pennsylvania,1
western states pact,1
the world is my home,1
take a trip beyond the pigpen,1
singapour,1
eu27,1
upstate college campus,1
in line for tower of terror,1
augusta wv,1
los,1
gypsy mama,1
antifa hq,1
lost,1
antigua and barbuda,1
se pennsylvania,1
it gets cold here,1
murrieta,1
the region,1
lives too near dc,1
queensland australia,1
cesspool of my liberal tears,1
on hold,1
yee yee,1
track town usa,1
nw side of chicago,1
i live with that rock in mass,1
headed to an old kentucky home,1
southern michigan,1
nambia,1
beautiful planet earth,1
winsford,1
camelot country,1
from nc to the dmv,1
little blue speck of dust,1
east of england,1
making the most,1
nike outlet,1
chetoslovaquia,1
20999,1
manzanita oregon,1
central colorado,1
philly suburbs,1
nw germany,1
pennsyltucky,1
richmond virginia,1
tx,1
021,1
the water,1
horny town,1
northpole,1
deep hopeless red state,1
milf island,1
san diego county,1
heavenly jerusalem,1
the ghetto,1
citizen of earth,1
serengeti photo trip 1996,1
trump episode land,1
living the dream in pardise,1
in heavenly places,1
songhees,1
annandale and reston va,1
your house,1
in yo monma,1
6109 webbland place 45213,1
long beach california,1
gop hell,1
the world of forms,1
edge of sandhills,1
island of misfit toys,1
california republic,1
somos la nueva venezuela,1
florida by da beach,1
pies sobre la tierra,1
everywhere but nowhere,1
the cosmos,1
your arse,1
waiblingen,1
in a galaxy far far away,1
calgary canada,1
red bowl,1
wurundjeri land,1
closer to my dreams,1
the dark side of right,1
on the court,1
district 13,1
little,1
all over,1
manchukuo,1
india,1
marseille,1
wade county,1
inner outer,1
arkhangelsk,1
stars hollow,1
north of seattle,1
lost in translation,1
international,1
neiliville,1
fuck mountain,1
washington state not dc,1
jojis,1
beast oakland,1
the rocket city,1
san angelo,1
united states america first,1
dortmund,1
lbc,1
your screen,1
the american west,1
i come from a land down u,1
flying blind on a rocket cycle,1
stiens,1
london town,1
down in a hole,1
the smoky mountains,1
www,1
none of your bloody business,1
east sussex,1
rapperswil,1
en france,1
the nude bowl,1
santa barbara,1
south east dc,1
ingland,1
united states of dumbfuckistan,1
somewhere in south east uk,1
melonville,1
301,1
wiesbaden,1
kansas city metro,1
a mostly flat state,1
on your nerves,1
dunder mifflin,1
in a parallel universe near you,1
rio de janeiro,1
frustrated new englander,1
kekistan,1
held hostage by gavin newsom,1
my brain,1
listening to grimes,1
somewhere near sacramento,1
bahia,1
on ya mind,1
regina and kelowna,1
munich,1
sulista arrombado,1
at a concert,1
stl mo,1
piscataway land,1
middleborough ma,1
right on the left coast usa,1
armyhive,1
northcountry,1
rochester ny,1
bangor me,1
eating my pizza doing my thang,1
haunted ruins,1
in the mycelium network,1
ca girl living in phx,1
18th century,1
southwest resistance base,1
land of mosquitos and noseeum,1
by the food,1
there and here,1
northeast arkansas,1
on the beach in my mind 4 now,1
sociopath,1
crr,1
lurk central,1
poppington,1
in this ten cent town,1
eating,1
blito p3,1
my swamp,1
fighting the good fight,1
the valley,1
mainz,1
perthshire,1
in xanadu with kubla khan,1
daytona beach florida,1
parc des princes,1
berzerkeley,1
richmond,1
nunya business,1
dystopian reality,1
18e arrondissement de paris,1
at the net,1
logatec,1
speedwagon foundation,1
land of reason,1
slightly west of hackensack,1
f l a 850,1
s dock,1
hemp and bears,1
manitoba,1
eindhoven,1
northwest ga,1
big city tx,1
geordieland,1
4in4ra en insta,1
columbia university,1
slightly less racist texas,1
i am present,1
sialkot,1
the carpet,1
night city,1
a society,1
lotus forest,1
estado sucre,1
muc,1
loir et cher,1
imbituba sc,1
street,1
rv tw bp,1
nw pa,1
hell world,1
heliocentric orbit,1
under the moon,1
36th chamber,1
gardeau rez via nunda ny,1
candler rd,1
allemagne,1
russian spy headquarters,1
antelope valley,1
lower mittenland,1
my private fantasy world,1
tokin,1
atlanta area,1
lexington ma,1
botafogo de futebol e regatas,1
central  pa,1
westlake fl,1
nc by way of texas,1
rural colorado,1
probably in front of a tv,1
soul boat central,1
ellysa av n2 sfax 3003 tunisia,1
fighting to save us,1
between order and chaos,1
the great state of wisconsin,1
naptown,1
on twitter,1
wherever our motorhome is,1
calgary alberta,1
gilead,1
handsomeland,1
bucharest,1
southern california,1
washington state outback,1
moz angeles,1
the omega 13th dimension,1
near gresham,1
greater idaho,1
brisbane qld male1963 italian,1
buzzard bay,1
transplant to flyover country,1
overtown nth lanarkshire,1
socal in my heart,1
dungeon of dispair,1
occupied potawatomi territory,1
mynameismyname,1
sc,1
linwood ave,1
live from space,1
living,1
aguasto patwin,1
llamedos,1
misandryland,1
kiss land,1
noo yawk,1
a police phonebox,1
north woods fortress,1
nw ohio,1
